{"version":"2","baseMVA":1,"bus":[[1,3,0,0,0,0,1,1,0,11,1,1,1],[2,1,0.03528,0.035993000000000004,0,0,1,1,0,11,1,1,1],[3,1,0.014,0.014282999999999999,0,0,1,1,0,11,1,1,1],[4,1,0.03528,0.035993000000000004,0,0,1,1,0,11,1,1,1],[5,1,0.014,0.014282999999999999,0,0,1,1,0,11,1,1,1],[6,1,0.03528,0.035993000000000004,0,0,1,1,0,11,1,1,1],[7,1,0.03528,0.035993000000000004,0,0,1,1,0,11,1,1,1],[8,1,0.03528,0.035993000000000004,0,0,1,1,0,11,1,1,1],[9,1,0.014,0.014282999999999999,0,0,1,1,0,11,1,1,1],[10,1,0.014,0.014282999999999999,0,0,1,1,0,11,1,1,1],[11,1,0.056,0.057131,0,0,1,1,0,11,1,1,1],[12,1,0.03528,0.035993000000000004,0,0,1,1,0,11,1,1,1],[13,1,0.03528,0.035993000000000004,0,0,1,1,0,11,1,1,1],[14,1,0.014,0.014282999999999999,0,0,1,1,0,11,1,1,1],[15,1,0.03528,0.035993000000000004,0,0,1,1,0,11,1,1,1],[16,1,0.03528,0.035993000000000004,0,0,1,1,0,11,1,1,1],[17,1,0.0089600000000000009,0.009141,0,0,1,1,0,11,1,1,1],[18,1,0.0089600000000000009,0.009141,0,0,1,1,0,11,1,1,1],[19,1,0.03528,0.035993000000000004,0,0,1,1,0,11,1,1,1],[20,1,0.03528,0.035993000000000004,0,0,1,1,0,11,1,1,1],[21,1,0.014,0.014282999999999999,0,0,1,1,0,11,1,1,1],[22,1,0.03528,0.035993000000000004,0,0,1,1,0,11,1,1,1],[23,1,0.0089600000000000009,0.009141,0,0,1,1,0,11,1,1,1],[24,1,0.056,0.057131,0,0,1,1,0,11,1,1,1],[25,1,0.0089600000000000009,0.009141,0,0,1,1,0,11,1,1,1],[26,1,0.03528,0.035993000000000004,0,0,1,1,0,11,1,1,1],[27,1,0.03528,0.035993000000000004,0,0,1,1,0,11,1,1,1],[28,1,0.03528,0.035993000000000004,0,0,1,1,0,11,1,1,1]],"gen":[1,0,0,10,-10,1,100,1,10,0,0,0,0,0,0,0,0,0,0,0,0],"branch":[[1,2,0.0098925619834710748,0.0067768595041322313,0,0,0,0,0,0,1,-360,360],[2,3,0.014842975206611571,0.010173553719008264,0,0,0,0,0,0,1,-360,360],[3,4,0.010793388429752067,0.0073966942148760333,0,0,0,0,0,0,1,-360,360],[4,5,0.015297520661157025,0.010479338842975206,0,0,0,0,0,0,1,-360,360],[5,6,0.01259504132231405,0.00862809917355372,0,0,0,0,0,0,1,-360,360],[6,7,0.015743801652892561,0.010785123966942149,0,0,0,0,0,0,1,-360,360],[7,8,0.0098925619834710748,0.0067768595041322313,0,0,0,0,0,0,1,-360,360],[8,9,0.0053966942148760333,0.0036942148760330581,0,0,0,0,0,0,1,-360,360],[9,10,0.009446280991735537,0.0064710743801652893,0,0,0,0,0,0,1,-360,360],[4,11,0.023330578512396692,0.00968595041322314,0,0,0,0,0,0,1,-360,360],[11,12,0.0097851239669421476,0.0040578512396694218,0,0,0,0,0,0,1,-360,360],[12,13,0.00828099173553719,0.00343801652892562,0,0,0,0,0,0,1,-360,360],[13,14,0.0037603305785123969,0.00156198347107438,0,0,0,0,0,0,1,-360,360],[14,15,0.0045123966942148767,0.0018760330578512397,0,0,0,0,0,0,1,-360,360],[5,16,0.021074380165289255,0.0087438016528925619,0,0,0,0,0,0,1,-360,360],[6,17,0.011289256198347109,0.00468595041322314,0,0,0,0,0,0,1,-360,360],[17,18,0.0067685950413223133,0.0028099173553719011,0,0,0,0,0,0,1,-360,360],[18,19,0.012793388429752067,0.0053057851239669421,0,0,0,0,0,0,1,-360,360],[19,20,0.011289256198347109,0.00468595041322314,0,0,0,0,0,0,1,-360,360],[20,21,0.029355371900826446,0.012181818181818181,0,0,0,0,0,0,1,-360,360],[7,22,0.012793388429752067,0.0053057851239669421,0,0,0,0,0,0,1,-360,360],[22,23,0.0090247933884297533,0.0037438016528925622,0,0,0,0,0,0,1,-360,360],[23,24,0.0075206611570247939,0.00312396694214876,0,0,0,0,0,0,1,-360,360],[24,25,0.0037603305785123969,0.00156198347107438,0,0,0,0,0,0,1,-360,360],[25,26,0.0030082644628099172,0.0012479338842975205,0,0,0,0,0,0,1,-360,360],[8,27,0.0045123966942148767,0.0018677685950413223,0,0,0,0,0,0,1,-360,360],[27,28,0.0022561983471074383,0.00093388429752066116,0,0,0,0,0,0,1,-360,360]],"gencost":[2,0,0,3,0,20,0]}