{"version":"2","baseMVA":10,"bus":[[1,3,0,0,0,0,1,1,0,12.47,1,1,1],[2,1,0,0,0,0,1,1,0,12.47,1,1.1,0.9],[3,1,0,0,0,0,1,1,0,12.47,1,1.1,0.9],[4,1,0,0,0,0,1,1,0,12.47,1,1.1,0.9],[5,1,0,0,0,0,1,1,0,12.47,1,1.1,0.9],[6,1,0,0,0,0,1,1,0,12.47,1,1.1,0.9],[7,1,0,0,0,0,1,1,0,12.47,1,1.1,0.9],[8,1,0.06375,0.039508701573197767,0,0,1,1,0,12.47,1,1.1,0.9],[9,1,0.0085,0.00526782687642637,0,0,1,1,0,12.47,1,1.1,0.9],[10,1,0,0,0,0,1,1,0,12.47,1,1.1,0.9],[11,1,0,0,0,0,1,1,0,12.47,1,1.1,0.9],[12,1,0.02125,0.013169567191065924,0,0,1,1,0,12.47,1,1.1,0.9],[13,1,0.06375,0.039508701573197767,0,0,1,1,0,12.47,1,1.1,0.9],[14,1,0,0,0,0,1,1,0,12.47,1,1.1,0.9],[15,1,0,0,0,0,1,1,0,12.47,1,1.1,0.9],[16,1,0,0,0,0,1,1,0,12.47,1,1.1,0.9],[17,1,0.1275,0.079017403146395535,0,0,1,1,0,12.47,1,1.1,0.9],[18,1,0,0,0,0,1,1,0,12.47,1,1.1,0.9],[19,1,0,0,0,0,1,1,0,12.47,1,1.1,0.9],[20,1,0.06375,0.039508701573197767,0,0,1,1,0,12.47,1,1.1,0.9],[21,1,0.06375,0.039508701573197767,0,0,1,1,0,12.47,1,1.1,0.9],[22,1,0,0,0,0,1,1,0,12.47,1,1.1,0.9],[23,1,0.06375,0.039508701573197767,0,0,1,1,0,12.47,1,1.1,0.9],[24,1,0,0,0,0,1,1,0,12.47,1,1.1,0.9],[25,1,0,0,0,0,1,1,0,12.47,1,1.1,0.9],[26,1,0.1275,0.079017403146395535,0,0,1,1,0,12.47,1,1.1,0.9],[27,1,0.06375,0.039508701573197767,0,0,1,1,0,12.47,1,1.1,0.9],[28,1,0,0,0,0,1,1,0,12.47,1,1.1,0.9],[29,1,0.06375,0.039508701573197767,0,0,1,1,0,12.47,1,1.1,0.9],[30,1,0,0,0,0,1,1,0,12.47,1,1.1,0.9],[31,1,0,0,0,0,1,1,0,12.47,1,1.1,0.9],[32,1,0.1275,0.079017403146395535,0,0,1,1,0,12.47,1,1.1,0.9],[33,1,0,0,0,0,1,1,0,12.47,1,1.1,0.9],[34,1,0.1275,0.079017403146395535,0,0,1,1,0,12.47,1,1.1,0.9],[35,1,0.255,0.15803480629279107,0,0,1,1,0,12.47,1,1.1,0.9],[36,1,0.1275,0.079017403146395535,0,0,1,1,0,12.47,1,1.1,0.9],[37,1,0.0425,0.026339134382131847,0,0,1,1,0,12.47,1,1.1,0.9],[38,1,0,0,0,0,1,1,0,12.47,1,1.1,0.9],[39,1,0.017,0.010535653752852739,0,0,1,1,0,12.47,1,1.1,0.9],[40,1,0,0,0,0,1,1,0,12.47,1,1.1,0.9],[41,1,0.06375,0.039508701573197767,0,0,1,1,0,12.47,1,1.1,0.9],[42,1,0,0,0,0,1,1,0,12.47,1,1.1,0.9],[43,1,0,0,0,0,1,1,0,12.47,1,1.1,0.9],[44,1,0.0425,0.026339134382131847,0,0,1,1,0,12.47,1,1.1,0.9],[45,1,0,0,0,0,1,1,0,12.47,1,1.1,0.9],[46,1,0,0,0,0,1,1,0,12.47,1,1.1,0.9],[47,1,0,0,0,0,1,1,0,12.47,1,1.1,0.9],[48,1,0.10625,0.065847835955329614,0,0,1,1,0,12.47,1,1.1,0.9],[49,1,0.1275,0.079017403146395535,0,0,1,1,0,12.47,1,1.1,0.9],[50,1,0,0,0,0,1,1,0,12.47,1,1.1,0.9],[51,1,0.10625,0.065847835955329614,0,0,1,1,0,12.47,1,1.1,0.9],[52,1,0.06375,0.039508701573197767,0,0,1,1,0,12.47,1,1.1,0.9],[53,1,0.085,0.052678268764263694,0,0,1,1,0,12.47,1,1.1,0.9],[54,1,0,0,0,0,1,1,0,12.47,1,1.1,0.9],[55,1,0,0,0,0,1,1,0,12.47,1,1.1,0.9],[56,1,0.02125,0.013169567191065924,0,0,1,1,0,12.47,1,1.1,0.9],[57,1,0,0,0,0,1,1,0,12.47,1,1.1,0.9],[58,1,0.255,0.15803480629279107,0,0,1,1,0,12.47,1,1.1,0.9],[59,1,0.1275,0.079017403146395535,0,0,1,1,0,12.47,1,1.1,0.9],[60,1,0,0,0,0,1,1,0,12.47,1,1.1,0.9],[61,1,0.255,0.15803480629279107,0,0,1,1,0,12.47,1,1.1,0.9],[62,1,0.17,0.10535653752852739,0,0,1,1,0,12.47,1,1.1,0.9],[63,1,0,0,0,0,1,1,0,12.47,1,1.1,0.9],[64,1,0.255,0.15803480629279107,0,0,1,1,0,12.47,1,1.1,0.9],[65,1,0.1275,0.079017403146395535,0,0,1,1,0,12.47,1,1.1,0.9],[66,1,0.19125,0.11852610471959331,0,0,1,1,0,12.47,1,1.1,0.9],[67,1,0.0425,0.026339134382131847,0,0,1,1,0,12.47,1,1.1,0.9],[68,1,0.085,0.052678268764263694,0,0,1,1,0,12.47,1,1.1,0.9],[69,1,0.255,0.15803480629279107,0,0,1,1,0,12.47,1,1.1,0.9],[70,1,0,0,0,0,1,1,0,12.47,1,1.1,0.9],[71,1,0.255,0.15803480629279107,0,0,1,1,0,12.47,1,1.1,0.9],[72,1,0.1275,0.079017403146395535,0,0,1,1,0,12.47,1,1.1,0.9],[73,1,0.255,0.15803480629279107,0,0,1,1,0,12.47,1,1.1,0.9],[74,1,0.255,0.15803480629279107,0,0,1,1,0,12.47,1,1.1,0.9],[75,1,0.03825,0.023705220943918661,0,0,1,1,0,12.47,1,1.1,0.9],[76,1,0.06375,0.039508701573197767,0,0,1,1,0,12.47,1,1.1,0.9],[77,1,0.1275,0.079017403146395535,0,0,1,1,0,12.47,1,1.1,0.9],[78,1,0,0,0,0,1,1,0,12.47,1,1.1,0.9],[79,1,0.42712499999999992,0.26470830054042505,0,0,1,1,0,12.47,1,1.1,0.9],[80,1,0.6375,0.39508701573197769,0,0,1,1,0,12.47,1,1.1,0.9],[81,1,0,0,0,0,1,1,0,12.47,1,1.1,0.9],[82,1,0.1275,0.079017403146395535,0,0,1,1,0,12.47,1,1.1,0.9],[83,1,0.06375,0.039508701573197767,0,0,1,1,0,12.47,1,1.1,0.9],[84,1,0.19125,0.11852610471959331,0,0,1,1,0,12.47,1,1.1,0.9],[85,1,0,0,0,0,1,1,0,12.47,1,1.1,0.9],[86,1,0.425,0.26339134382131846,0,0,1,1,0,12.47,1,1.1,0.9],[87,1,0.1275,0.079017403146395535,0,0,1,1,0,12.47,1,1.1,0.9],[88,1,0.06375,0.039508701573197767,0,0,1,1,0,12.47,1,1.1,0.9],[89,1,0.05525,0.0342408746967714,0,0,1,1,0,12.47,1,1.1,0.9],[90,1,0,0,0,0,1,1,0,12.47,1,1.1,0.9],[91,1,0,0,0,0,1,1,0,12.47,1,1.1,0.9],[92,1,0,0,0,0,1,1,0,12.47,1,1.1,0.9],[93,1,0,0,0,0,1,1,0,12.47,1,1.1,0.9],[94,1,0.0935,0.05794609564069006,0,0,1,1,0,12.47,1,1.1,0.9],[95,1,0,0,0,0,1,1,0,12.47,1,1.1,0.9],[96,1,0.1275,0.079017403146395535,0,0,1,1,0,12.47,1,1.1,0.9],[97,1,0,0,0,0,1,1,0,12.47,1,1.1,0.9],[98,1,0.255,0.15803480629279107,0,0,1,1,0,12.47,1,1.1,0.9],[99,1,0,0,0,0,1,1,0,12.47,1,1.1,0.9],[100,1,0.255,0.15803480629279107,0,0,1,1,0,12.47,1,1.1,0.9],[101,1,0.01275,0.0079017403146395531,0,0,1,1,0,12.47,1,1.1,0.9],[102,1,0,0,0,0,1,1,0,12.47,1,1.1,0.9],[103,1,0.10625,0.065847835955329614,0,0,1,1,0,12.47,1,1.1,0.9],[104,1,0,0,0,0,1,1,0,12.47,1,1.1,0.9],[105,1,0.255,0.15803480629279107,0,0,1,1,0,12.47,1,1.1,0.9],[106,1,0.1275,0.079017403146395535,0,0,1,1,0,12.47,1,1.1,0.9],[107,1,0.42712499999999992,0.26470830054042505,0,0,1,1,0,12.47,1,1.1,0.9],[108,1,0,0,0,0,1,1,0,12.47,1,1.1,0.9],[109,1,0.6375,0.39508701573197769,0,0,1,1,0,12.47,1,1.1,0.9],[110,1,0.6375,0.39508701573197769,0,0,1,1,0,12.47,1,1.1,0.9],[111,1,0.02125,0.013169567191065924,0,0,1,1,0,12.47,1,1.1,0.9],[112,1,0.425,0.26339134382131846,0,0,1,1,0,12.47,1,1.1,0.9],[113,1,0.06375,0.039508701573197767,0,0,1,1,0,12.47,1,1.1,0.9],[114,1,0,0,0,0,1,1,0,12.47,1,1.1,0.9],[115,1,0,0,0,0,1,1,0,12.47,1,1.1,0.9],[116,1,0.255,0.15803480629279107,0,0,1,1,0,12.47,1,1.1,0.9],[117,1,0.05525,0.0342408746967714,0,0,1,1,0,12.47,1,1.1,0.9],[118,1,0,0,0,0,1,1,0,12.47,1,1.1,0.9],[119,1,0.0935,0.05794609564069006,0,0,1,1,0,12.47,1,1.1,0.9],[120,1,0,0,0,0,1,1,0,12.47,1,1.1,0.9],[121,1,0,0,0,0,1,1,0,12.47,1,1.1,0.9],[122,1,0,0,0,0,1,1,0,12.47,1,1.1,0.9],[123,1,0.085,0.052678268764263694,0,0,1,1,0,12.47,1,1.1,0.9],[124,1,0.10625,0.065847835955329614,0,0,1,1,0,12.47,1,1.1,0.9],[125,1,0,0,0,0,1,1,0,12.47,1,1.1,0.9],[126,1,0,0,0,0,1,1,0,12.47,1,1.1,0.9],[127,1,0.06375,0.039508701573197767,0,0,1,1,0,12.47,1,1.1,0.9],[128,1,0.06375,0.039508701573197767,0,0,1,1,0,12.47,1,1.1,0.9],[129,1,0.0935,0.05794609564069006,0,0,1,1,0,12.47,1,1.1,0.9],[130,1,0.095625,0.059263052359796654,0,0,1,1,0,12.47,1,1.1,0.9],[131,1,0,0,0,0,1,1,0,12.47,1,1.1,0.9],[132,1,0.06375,0.039508701573197767,0,0,1,1,0,12.47,1,1.1,0.9],[133,1,0.03825,0.023705220943918661,0,0,1,1,0,12.47,1,1.1,0.9],[134,1,0.029750000000000002,0.018437394067492292,0,0,1,1,0,12.47,1,1.1,0.9],[135,1,0.02125,0.013169567191065924,0,0,1,1,0,12.47,1,1.1,0.9],[136,1,0.06375,0.039508701573197767,0,0,1,1,0,12.47,1,1.1,0.9],[137,1,0.04675,0.02897304782034503,0,0,1,1,0,12.47,1,1.1,0.9],[138,1,0.0425,0.026339134382131847,0,0,1,1,0,12.47,1,1.1,0.9],[139,1,0.0425,0.026339134382131847,0,0,1,1,0,12.47,1,1.1,0.9],[140,1,0.1275,0.079017403146395535,0,0,1,1,0,12.47,1,1.1,0.9],[141,1,0.06375,0.039508701573197767,0,0,1,1,0,12.47,1,1.1,0.9]],"gen":[1,0,0,100,-100,1,100,1,100,0,0,0,0,0,0,0,0,0,0,0,0],