{"version":"2","baseMVA":1,"bus":[[1,3,0,0,0,0,1,1,0,11,1,1,1],[2,1,0.12,0.108,0,0,1,1,0,11,1,1.1,0.9],[3,1,0.072,0.048,0,0,1,1,0,11,1,1.1,0.9],[4,1,0.18,0.156,0,0,1,1,0,11,1,1.1,0.9],[5,1,0.09,0.06,0,0,1,1,0,11,1,1.1,0.9],[6,1,0.0216,0.013,0,0,1,1,0,11,1,1.1,0.9],[7,1,0.0216,0.017,0,0,1,1,0,11,1,1.1,0.9],[8,1,0.0156,0.012,0,0,1,1,0,11,1,1.1,0.9],[9,1,0.019,0.013,0,0,1,1,0,11,1,1.1,0.9],[10,1,0.024,0.012,0,0,1,1,0,11,1,1.1,0.9],[11,1,0.0192,0.011,0,0,1,1,0,11,1,1.1,0.9],[12,1,0.06,0.048,0,0,1,1,0,11,1,1.1,0.9],[13,1,0.126,0.108,0,0,1,1,0,11,1,1.1,0.9],[14,1,0.03,0.018,0,0,1,1,0,11,1,1.1,0.9],[15,1,0.048,0.03,0,0,1,1,0,11,1,1.1,0.9],[16,1,0.072,0.036,0,0,1,1,0,11,1,1.1,0.9],[17,1,0.048,0.03,0,0,1,1,0,11,1,1.1,0.9],[18,1,0.018,0.011,0,0,1,1,0,11,1,1.1,0.9],[19,1,0.0156,0.0084000000000000012,0,0,1,1,0,11,1,1.1,0.9],[20,1,0.036,0.024,0,0,1,1,0,11,1,1.1,0.9],[21,1,0.108,0.06,0,0,1,1,0,11,1,1.1,0.9],[22,1,0.06,0.036,0,0,1,1,0,11,1,1.1,0.9],[23,1,0.072,0.048,0,0,1,1,0,11,1,1.1,0.9],[24,1,0.12,0.096,0,0,1,1,0,11,1,1.1,0.9],[25,1,0.096,0.078,0,0,1,1,0,11,1,1.1,0.9],[26,1,0.12,0.072,0,0,1,1,0,11,1,1.1,0.9],[27,1,0.12,0.066,0,0,1,1,0,11,1,1.1,0.9],[28,1,0.144,0.084,0,0,1,1,0,11,1,1.1,0.9],[29,1,0.126,0.084,0,0,1,1,0,11,1,1.1,0.9],[30,1,0.096,0.06,0,0,1,1,0,11,1,1.1,0.9],[31,1,0.072,0.048,0,0,1,1,0,11,1,1.1,0.9],[32,1,0.0156,0.0096,0,0,1,1,0,11,1,1.1,0.9],[33,1,0.0192,0.011800000000000001,0,0,1,1,0,11,1,1.1,0.9],[34,1,0.06,0.036,0,0,1,1,0,11,1,1.1,0.9],[35,1,0.048,0.033600000000000005,0,0,1,1,0,11,1,1.1,0.9],[36,1,0.072,0.048,0,0,1,1,0,11,1,1.1,0.9],[37,1,0.048,0.036,0,0,1,1,0,11,1,1.1,0.9],[38,1,0.036,0.03,0,0,1,1,0,11,1,1.1,0.9],[39,1,0.18,0.12,0,0,1,1,0,11,1,1.1,0.9],[40,1,0.072,0.042,0,0,1,1,0,11,1,1.1,0.9],[41,1,0.144,0.084,0,0,1,1,0,11,1,1.1,0.9],[42,1,0.108,0.072,0,0,1,1,0,11,1,1.1,0.9],[43,1,0.0216,0.012,0,0,1,1,0,11,1,1.1,0.9],[44,1,0.0192,0.012,0,0,1,1,0,11,1,1.1,0.9],[45,1,0.12,0.06,0,0,1,1,0,11,1,1.1,0.9],[46,1,0.072,0.048,0,0,1,1,0,11,1,1.1,0.9],[47,1,0.108,0.084,0,0,1,1,0,11,1,1.1,0.9],[48,1,0.12240000000000001,0.0792,0,0,1,1,0,11,1,1.1,0.9],[49,1,0.12,0.084,0,0,1,1,0,11,1,1.1,0.9],[50,1,0.168,0.108,0,0,1,1,0,11,1,1.1,0.9],[51,1,0.072,0.048,0,0,1,1,0,11,1,1.1,0.9],[52,1,0.024,0.0132,0,0,1,1,0,11,1,1.1,0.9],[53,1,0.048,0.036,0,0,1,1,0,11,1,1.1,0.9],[54,1,0.0432,0.0288,0,0,1,1,0,11,1,1.1,0.9],[55,1,0.036,0.024,0,0,1,1,0,11,1,1.1,0.9],[56,1,0.0516,0.036,0,0,1,1,0,11,1,1.1,0.9],[57,1,0.096,0.06,0,0,1,1,0,11,1,1.1,0.9],[58,1,0.288,0.144,0,0,1,1,0,11,1,1.1,0.9],[59,1,0.15,0.132,0,0,1,1,0,11,1,1.1,0.9],[60,1,0.03,0.012,0,0,1,1,0,11,1,1.1,0.9],[61,1,0.012,0.006,0,0,1,1,0,11,1,1.1,0.9],[62,1,0.18,0.156,0,0,1,1,0,11,1,1.1,0.9],[63,1,0.06,0.036,0,0,1,1,0,11,1,1.1,0.9],[64,1,0.036,0.024,0,0,1,1,0,11,1,1.1,0.9],[65,1,0.156,0.144,0,0,1,1,0,11,1,1.1,0.9],[66,1,0.18,0.156,0,0,1,1,0,11,1,1.1,0.9],[67,1,0.03,0.018,0,0,1,1,0,11,1,1.1,0.9],[68,1,0.12,0.072,0,0,1,1,0,11,1,1.1,0.9],[69,1,0.048,0.036,0,0,1,1,0,11,1,1.1,0.9],[70,3,0,0,0,0,1,1,0,11,1,1,1]],"gen":[[1,0,0,10,-10,1,100,1,10,0,0,0,0,0,0,0,0,0,0,0,0],[70,0,0,10,-10,1,100,1,10,0,0,0,0,0,0,0,0,0,0,0,0]],"branch":[[1,2,0.0090661157024793382,0.00887603305785124,0,0,0,0,0,0,1,-360,360],[2,3,0.012090909090909091,0.011834710743801652,0,0,0,0,0,0,1,-360,360],[3,4,0.0060413223140495867,0.0059173553719008261,0,0,0,0,0,0,1,-360,360],[4,5,0.0030247933884297519,0.0029586776859504131,0,0,0,0,0,0,1,-360,360],[5,6,0.015107438016528927,0.014793388429752067,0,0,0,0,0,0,1,-360,360],[6,7,0.0090661157024793382,0.00887603305785124,0,0,0,0,0,0,1,-360,360],[7,8,0.0060413223140495867,0.0059173553719008261,0,0,0,0,0,0,1,-360,360],[8,9,0.0060413223140495867,0.0059173553719008261,0,0,0,0,0,0,1,-360,360],[4,10,0.0089256198347107442,0.006066115702479339,0,0,0,0,0,0,1,-360,360],[10,11,0.013388429752066116,0.0090991735537190085,0,0,0,0,0,0,1,-360,360],[11,12,0.0089256198347107442,0.006066115702479339,0,0,0,0,0,0,1,-360,360],[12,13,0.011157024793388431,0.0075785123966942156,0,0,0,0,0,0,1,-360,360],[13,14,0.0066942148760330581,0.0045454545454545461,0,0,0,0,0,0,1,-360,360],[14,15,0.016066115702479337,0.010917355371900826,0,0,0,0,0,0,1,-360,360],[7,68,0.0089256198347107442,0.006066115702479339,0,0,0,0,0,0,1,-360,360],[68,69,0.013388429752066116,0.0090991735537190085,0,0,0,0,0,0,1,-360,360],[1,16,0.0090661157024793382,0.00887603305785124,0,0,0,0,0,0,1,-360,360],[16,17,0.0030247933884297519,0.0029586776859504131,0,0,0,0,0,0,1,-360,360],[17,18,0.012090909090909091,0.011834710743801652,0,0,0,0,0,0,1,-360,360],[18,19,0.0075537190082644633,0.0073966942148760333,0,0,0,0,0,0,1,-360,360],[19,20,0.0066446280991735544,0.0065041322314049587,0,0,0,0,0,0,1,-360,360],[20,21,0.0093636363636363639,0.0091735537190082653,0,0,0,0,0,0,1,-360,360],[21,22,0.0039256198347107432,0.0038429752066115705,0,0,0,0,0,0,1,-360,360],[17,23,0.018297520661157026,0.012438016528925618,0,0,0,0,0,0,1,-360,360],[23,24,0.013388429752066116,0.0091735537190082653,0,0,0,0,0,0,1,-360,360],[24,25,0.0089256198347107442,0.006066115702479339,0,0,0,0,0,0,1,-360,360],[25,26,0.0044628099173553721,0.0030330578512396695,0,0,0,0,0,0,1,-360,360],[26,27,0.0044628099173553721,0.0030330578512396695,0,0,0,0,0,0,1,-360,360],[27,28,0.0089256198347107442,0.006066115702479339,0,0,0,0,0,0,1,-360,360],[28,29,0.0089256198347107442,0.006066115702479339,0,0,0,0,0,0,1,-360,360],[70,30,0.0030247933884297519,0.0029586776859504131,0,0,0,0,0,0,1,-360,360],[30,31,0.0060413223140495867,0.0059173553719008261,0,0,0,0,0,0,1,-360,360],[31,32,0.0060413223140495867,0.0059173553719008261,0,0,0,0,0,0,1,-360,360],[32,33,0.0066446280991735544,0.0065041322314049587,0,0,0,0,0,0,1,-360,360],[33,34,0.0096694214876033059,0.0094628099173553713,0,0,0,0,0,0,1,-360,360],[34,35,0.0063471074380165287,0.006214876033057851,0,0,0,0,0,0,1,-360,360],[35,36,0.0060413223140495867,0.0059173553719008261,0,0,0,0,0,0,1,-360,360],[36,37,0.0090661157024793382,0.00887603305785124,0,0,0,0,0,0,1,-360,360],[37,38,0.012090909090909091,0.011834710743801652,0,0,0,0,0,0,1,-360,360],[32,39,0.0089256198347107442,0.006066115702479339,0,0,0,0,0,0,1,-360,360],[39,40,0.0044628099173553721,0.0030330578512396695,0,0,0,0,0,0,1,-360,360],[40,41,0.0089256198347107442,0.006066115702479339,0,0,0,0,0,0,1,-360,360],[41,42,0.015173553719008265,0.01031404958677686,0,0,0,0,0,0,1,-360,360],[42,43,0.010710743801652893,0.00728099173553719,0,0,0,0,0,0,1,-360,360],[40,44,0.0098181818181818179,0.0066694214876033059,0,0,0,0,0,0,1,-360,360],[44,45,0.0044628099173553721,0.0030330578512396695,0,0,0,0,0,0,1,-360,360],[42,46,0.0089256198347107442,0.006066115702479339,0,0,0,0,0,0,1,-360,360],[35,47,0.0044628099173553721,0.0030330578512396695,0,0,0,0,0,0,1,-360,360],[47,48,0.0089256198347107442,0.006066115702479339,0,0,0,0,0,0,1,-360,360],[48,49,0.0089256198347107442,0.006066115702479339,0,0,0,0,0,0,1,-360,360],[49,50,0.0089256198347107442,0.006066115702479339,0,0,0,0,0,0,1,-360,360],[70,51,0.0030247933884297519,0.0029586776859504131,0,0,0,0,0,0,1,-360,360],[51,52,0.012090909090909091,0.011834710743801652,0,0,0,0,0,0,1,-360,360],[52,53,0.012090909090909091,0.011834710743801652,0,0,0,0,0,0,1,-360,360],[53,54,0.0075537190082644633,0.0073966942148760333,0,0,0,0,0,0,1,-360,360],[54,55,0.0090661157024793382,0.00887603305785124,0,0,0,0,0,0,1,-360,360],[55,56,0.0090661157024793382,0.00887603305785124,0,0,0,0,0,0,1,-360,360],[52,57,0.002231404958677686,0.001512396694214876,0,0,0,0,0,0,1,-360,360],[57,58,0.002231404958677686,0.001512396694214876,0,0,0,0,0,0,1,-360,360],[58,59,0.0066942148760330581,0.0045454545454545461,0,0,0,0,0,0,1,-360,360],[59,60,0.010710743801652893,0.00728099173553719,0,0,0,0,0,0,1,-360,360],[55,61,0.0098181818181818179,0.0066694214876033059,0,0,0,0,0,0,1,-360,360],[61,62,0.0098181818181818179,0.0066694214876033059,0,0,0,0,0,0,1,-360,360],[62,63,0.0066942148760330581,0.0045454545454545461,0,0,0,0,0,0,1,-360,360],[63,64,0.013388429752066116,0.0090991735537190085,0,0,0,0,0,0,1,-360,360],[62,65,0.0089256198347107442,0.006066115702479339,0,0,0,0,0,0,1,-360,360],[65,66,