{"version":"2","baseMVA":100,"bus":[[1,1,200,80,0,-340.12,1,1.064082,-15.563001,130,1,1.1,0.9],[2,1,300,100,0,0,1,1.083567,-14.09203,130,1,1.1,0.9],[3,1,100,40,0,0,1,1.058654,-10.182816,130,1,1.1,0.9],[4,1,280,95,0,150,1,1.096596,-17.7009,130,1,1.1,0.9],[5,1,402.2198,190.111,0,200,1,1.053068,-41.503713,130,1,1.1,0.9],[6,1,201.2099,75.06049,0,0,1,1.045071,-28.663263,130,1,1.1,0.9],[7,1,154.2076,96.21037,0,100,1,1.057085,-37.808583,130,1,1.1,0.9],[8,1,536.4263,286.8214,0,200,1,1.061996,-33.606318,130,1,1.1,0.9],[9,1,469.4231,238.4712,0,200,1,1.067548,-36.331543,130,1,1.1,0.9],[10,1,100,30,0,0,1,1.079598,-22.844109,220,1,1.1,0.9],[11,1,200,50,0,0,1,1.018959,-15.053383,220,1,1.1,0.9],[12,1,300,100,0,-400,1,0.991571,-26.531716,400,1,1.1,0.9],[13,1,2000,500,0,0,1,1.004524,-32.784826,400,1,1.1,0.9],[14,1,362.0178,151.1009,0,200,1,1.08107,-32.180729,400,1,1.1,0.9],[15,1,268.2132,143.4107,0,0,1,1.060573,-28.088084,400,1,1.1,0.9],[16,1,603.4296,288.1715,0,200,1,1.045303,-28.404205,400,1,1.1,0.9],[17,1,469.4231,238.4712,0,100,1,1.031922,-26.304401,400,1,1.1,0.9],[18,1,67.0033,48.35017,0,0,1,1.036064,-19.430476,400,1,1.1,0.9],[19,1,536.4263,288.8214,0,100,1,1.046955,-33.337959,400,1,1.1,0.9],[20,1,500,149,0,0,1,1.025557,-40.764411,400,1,1.1,0.9],[21,1,300,100,0,0,1,1.028314,-39.398039,400,1,1.1,0.9],[22,1,590,300,0,0,1,1.013333,-39.21771,400,1,1.1,0.9],[23,1,0,0,0,-100,1,0.985738,-15.214764,400,1,1.1,0.9],[24,1,0,0,0,0,1,1.067034,-8.648865,130,1,1.1,0.9],[25,1,0,0,0,0,1,1.07502,-2.638356,130,1,1.1,0.9],[26,1,0,0,0,0,1,0.986067,-15.919696,400,1,1.1,0.9],[27,1,0,0,0,0,1,1.068863,-21.576377,400,1,1.1,0.9],[28,1,0,0,0,0,1,1.032869,-18.827698,400,1,1.1,0.9],[29,1,0,0,0,0,1,1.068559,-25.255516,400,1,1.1,0.9],[30,1,0,0,0,0,1,0.978794,-32.626173,400,1,1.1,0.9],[31,1,0,0,0,0,1,1.053472,-24.01627,400,1,1.1,0.9],[32,1,0,0,0,0,1,1.049524,-39.582141,400,1,1.1,0.9],[33,1,0,0,0,0,1,1.049524,-39.582141,400,1,1.1,0.9],[34,1,0,0,0,0,1,1.020882,-30.156834,400,1,1.1,0.9],[35,1,0,0,0,0,1,1.021283,-35.89561,400,1,1.1,0.9],[36,1,0,0,0,0,1,1.065873,-31.893982,400,1,1.1,0.9],[37,1,0,0,0,0,1,1.06957,-34.842542,400,1,1.1,0.9],[38,2,0,0,0,0,1,1.07,-10.727834,15,1,1.1,0.9],[39,2,0,0,0,0,1,1.055,-6.69034,15,1,1.1,0.9],[40,2,0,0,0,0,1,1.06,-4.765096,15,1,1.1,0.9],[41,2,0,0,0,0,1,1.07,1.126925,15,1,1.1,0.9],[42,2,0,0,0,0,1,1.07,-12.172581,15,1,1.1,0.9],[43,2,0,0,0,0,1,1.063348,-22.570252,15,1,1.1,0.9],[44,2,0,0,0,0,1,1.05399,-30.566378,15,1,1.1,0.9],[45,2,0,0,0,0,1,1.0042,-10.001941,15,1,1.1,0.9],[46,2,0,0,0,0,1,0.9989,-12.116254,15,1,1.1,0.9],[47,2,0,0,0,0,1,1.0019,-10.828162,15,1,1.1,0.9],[48,2,0,0,0,0,1,1.0336,-15.443018,15,1,1.1,0.9],[49,2,0,0,0,0,1,1.0141,-17.248593,15,1,1.1,0.9],[50,2,0,0,0,0,1,1,-32.180757,15,1,1.1,0.9],[51,2,0,0,0,0,1,1.0113,-24.187821,15,1,1.1,0.9],[52,3,0,0,0,0,1,1.0611,0,15,1,1.1,0.9],[53,2,0,0,0,0,1,1.0611,-15.560206,15,1,1.1,0.9],[54,2,0,0,0,0,1,1.0447,-29.738419,15,1,1.1,0.9],[55,2,0,0,0,0,1,1.0369,-29.376407,15,1,1.1,0.9],[56,2,0,0,0,0,1,1.0116,-35.252215,15,1,1.1,0.9],[57,2,0,0,0,0,1,1.029,-35.081723,15,1,1.1,0.9],[58,2,0,0,0,0,1,1.029,-35.081723,15,1,1.1,0.9],[59,2,0,0,0,0,1,1.03,-22.374519,15,1,1.1,0.9],[60,2,0,0,0,0,1,1.0185,-30.364105,15,1,1.1,0.9]],"gen":[[38,362.8692,-66.767236,720,-720,1.07,800,1,720,10,0,0,0,0,0,0,0,0,0,0,0],[39,272.1519,-7.123284,540,-540,1.055,600,1,540,10,0,0,0,0,0,0,0,0,0,0,0],[40,357.5106,-22.670573,630,-630,1.06,700,1,630,10,0,0,0,0,0,0,0,0,0,0,0],[41,302.1519,-11.549816,540,-540,1.07,600,1,540,10,0,0,0,0,0,0,0,0,0,0,0],[42,188.3966,-38.335054,325,-225,1.07,400,1,475,10,0,0,0,0,0,0,0,0,0,0,0],[43,314.5454,68.564837,560,-360,1.063348,600,1,560,10,0,0,0,0,0,0,0,0,0,0,0],[44,187.2727,7.501724,360,-280,1.05399,400,1,380,10,0,0,0,0,0,0,0,0,0,0,0],[45,510.5485,-61.467132,965,-765,1.0042,1000,1,965,10,0,0,0,0,0,0,0,0,0,0,0],[46,435.5865,99.922135,900,-900,0.9989,1000,1,900,10,0,0,0,0,0,0,0,0,0,0,0],[47,402.8692,101.789384,720,-720,1.0019,800,1,720,10,0,0,0,0,0,0,0,0,0,0,0],[48,236.0759,-60.248316,570,-370,1.0336,600,1,570,10,0,0,0,0,0,0,0,0,0,0,0],[49,293.7553,-75.795423,515,-415,1.0141,600,1,575,10,0,0,0,0,0,0,0,0,0,0,0],[50,0,-243.210921,570,-570,1,600,1,0,0,0,0,0,0,0,0,0,0,0,0,0],[51,340.4546,-220.947271,630,-630,1.0113,700,1,630,10,0,0,0,0,0,0,0,0,0,0,0],[52,1462.87562,356.714649,1840,-540,1.0611,3000,1,2800,10,0,0,0,0,0,0,0,0,0,0,0],[53,296.8182,116.288946,580,-540,1.0611,600,1,540,10,0,0,0,0,0,0,0,0,0,0,0],[54,320.4545,-0.927939,630,-630,1.0447,700,1,630,10,0,0,0,0,0,0,0,0,0,0,0],[55,350,-36.553736,630,-630,1.0369,700,1,630,10,0,0,0,0,0,0,0,0,0,0,0],[56,300.8182,-56.742588,540,-540,1.0116,600,1,540,10,0,0,0,0,0,0,0,0,0,0,0],[57,300.8182,75.346059,540,-540,1.029,600,1,540,10,0,0,0,0,0,0,0,0,0,0,0],[58,300.8182,75.346059,540,-540,1.029,600,1,540,10,0,0,0,0,0,0,0,0,0,0,0],[59,246.7932,140.896249,520,-450,1.03,600,1,560,10,0,0,0,0,0,0,0,0,0,0,0],[60,1296.3868,454.44114,4000,-2050,1.0185,5000,1,4500,10,0,0,0,0,0,0,0,0,0,0,0]],