{"version":"2","baseMVA":1,"bus":[[1,3,0,0,0,0,1,1,0,11,1,1,1],[2,1,0.06,0.06,0,0,1,1,0,11,1,1.1,0.9],[3,1,0.04,0.03,0,0,1,1,0,11,1,1.1,0.9],[4,1,0.055,0.055,0,0,1,1,0,11,1,1.1,0.9],[5,1,0.03,0.03,0,0,1,1,0,11,1,1.1,0.9],[6,1,0.02,0.015,0,0,1,1,0,11,1,1.1,0.9],[7,1,0.055,0.055,0,0,1,1,0,11,1,1.1,0.9],[8,1,0.045,0.045,0,0,1,1,0,11,1,1.1,0.9],[9,1,0.04,0.04,0,0,1,1,0,11,1,1.1,0.9],[10,1,0.035,0.03,0,0,1,1,0,11,1,1.1,0.9],[11,1,0.04,0.03,0,0,1,1,0,11,1,1.1,0.9],[12,1,0.015,0.015,0,0,1,1,0,11,1,1.1,0.9]],"gen":[1,0,0,10,-10,1,100,1,10,0,0,0,0,0,0,0,0,0,0,0,0],"branch":[[1,2,0.00903305785123967,0.0037603305785123969,0,0,0,0,0,0,1,-360,360],[2,3,0.0097851239669421476,0.0040826446280991732,0,0,0,0,0,0,1,-360,360],[3,4,0.017314049586776861,0.007214876033057851,0,0,0,0,0,0,1,-360,360],[4,5,0.026347107438016531,0.010983471074380165,0,0,0,0,0,0,1,-360,360],[5,6,0.00903305785123967,0.0037603305785123969,0,0,0,0,0,0,1,-360,360],[6,7,0.00828099173553719,0.0034462809917355369,0,0,0,0,0,0,1,-360,360],[7,8,0.036388429752066111,0.010041322314049587,0,0,0,0,0,0,1,-360,360],[8,9,0.046628099173553719,0.013198347107438016,0,0,0,0,0,0,1,-360,360],[9,10,0.023884297520661159,0.0067603305785123961,0,0,0,0,0,0,1,-360,360],[10,11,0.012512396694214877,0.0035371900826446281,0,0,0,0,0,0,1,-360,360],[11,12,0.010231404958677685,0.0029008264462809918,0,0,0,0,0,0,1,-360,360]],"gencost":[2,0,0,3,0,20,0]}