{"version":"2","baseMVA":10,"bus":[[1,3,0,0,0,0,1,1,0,11,1,1,1],[2,1,0.13384000000000001,0.10114,0,0,1,1,0,11,1,1.1,0.9],[3,1,0.016214,0.011292,0,0,1,1,0,11,1,1.1,0.9],[4,1,0.034315,0.021845,0,0,1,1,0,11,1,1.1,0.9],[5,1,0.073016000000000011,0.063601999999999992,0,0,1,1,0,11,1,1.1,0.9],[6,1,0.1442,0.068604,0,0,1,1,0,11,1,1.1,0.9],[7,1,0.10447,0.061725,0,0,1,1,0,11,1,1.1,0.9],[8,1,0.028547,0.011503,0,0,1,1,0,11,1,1.1,0.9],[9,1,0.08756,0.051073,0,0,1,1,0,11,1,1.1,0.9],[10,1,0.1982,0.10676999999999999,0,0,1,1,0,11,1,1.1,0.9],[11,1,0.1468,0.075995000000000007,0,0,1,1,0,11,1,1.1,0.9],[12,1,0.02604,0.018687000000000002,0,0,1,1,0,11,1,1.1,0.9],[13,1,0.0521,0.023219999999999998,0,0,1,1,0,11,1,1.1,0.9],[14,1,0.1419,0.1175,0,0,1,1,0,11,1,1.1,0.9],[15,1,0.02187,0.02879,0,0,1,1,0,11,1,1.1,0.9],[16,1,0.03337,0.026449999999999998,0,0,1,1,0,11,1,1.1,0.9],[17,1,0.03243,0.02523,0,0,1,1,0,11,1,1.1,0.9],[18,1,0.020234000000000002,0.011906,0,0,1,1,0,11,1,1.1,0.9],[19,1,0.15694,0.078523,0,0,1,1,0,11,1,1.1,0.9],[20,1,0.54628999999999994,0.3514,0,0,1,1,0,11,1,1.1,0.9],[21,1,0.18031,0.16419999999999998,0,0,1,1,0,11,1,1.1,0.9],[22,1,0.093167,0.054594000000000004,0,0,1,1,0,11,1,1.1,0.9],[23,1,0.08518,0.03965,0,0,1,1,0,11,1,1.1,0.9],[24,1,0.1681,0.095178,0,0,1,1,0,11,1,1.1,0.9],[25,1,0.12511,0.15022,0,0,1,1,0,11,1,1.1,0.9],[26,1,0.016030000000000003,0.02462,0,0,1,1,0,11,1,1.1,0.9],[27,1,0.02603,0.02462,0,0,1,1,0,11,1,1.1,0.9],[28,1,0.59456,0.52262,0,0,1,1,0,11,1,1.1,0.9],[29,1,0.12062,0.059116999999999996,0,0,1,1,0,11,1,1.1,0.9],[30,1,0.10238,0.099554,0,0,1,1,0,11,1,1.1,0.9],[31,1,0.5134,0.3185,0,0,1,1,0,11,1,1.1,0.9],[32,1,0.47525,0.45614,0,0,1,1,0,11,1,1.1,0.9],[33,1,0.15143,0.13679,0,0,1,1,0,11,1,1.1,0.9],[34,1,0.20538,0.083302,0,0,1,1,0,11,1,1.1,0.9],[35,1,0.1316,0.093082,0,0,1,1,0,11,1,1.1,0.9],[36,1,0.44839999999999997,0.36979,0,0,1,1,0,11,1,1.1,0.9],[37,1,0.44051999999999997,0.32164,0,0,1,1,0,11,1,1.1,0.9],[38,1,0.11254,0.055134,0,0,1,1,0,11,1,1.1,0.9],[39,1,0.053963000000000004,0.038998,0,0,1,1,0,11,1,1.1,0.9],[40,1,0.39305,0.3426,0,0,1,1,0,11,1,1.1,0.9],[41,1,0.32674000000000003,0.27856000000000003,0,0,1,1,0,11,1,1.1,0.9],[42,1,0.53626,0.24024,0,0,1,1,0,11,1,1.1,0.9],[43,1,0.076247,0.066562,0,0,1,1,0,11,1,1.1,0.9],[44,1,0.053520000000000005,0.03976,0,0,1,1,0,11,1,1.1,0.9],[45,1,0.040328,0.031964,0,0,1,1,0,11,1,1.1,0.9],[46,1,0.039653,0.020758,0,0,1,1,0,11,1,1.1,0.9],[47,1,0.06619499999999999,0.042360999999999996,0,0,1,1,0,11,1,1.1,0.9],[48,1,0.073904,0.051653,0,0,1,1,0,11,1,1.1,0.9],[49,1,0.11477,0.057965,0,0,1,1,0,11,1,1.1,0.9],[50,1,0.91837,1.2050999999999998,0,0,1,1,0,11,1,1.1,0.9],[51,1,0.21030000000000001,0.14665999999999998,0,0,1,1,0,11,1,1.1,0.9],[52,1,0.06668,0.056608,0,0,1,1,0,11,1,1.1,0.9],[53,1,0.042207,0.040184,0,0,1,1,0,11,1,1.1,0.9],[54,1,0.43374,0.28341000000000005,0,0,1,1,0,11,1,1.1,0.9],[55,1,0.0621,0.02686,0,0,1,1,0,11,1,1.1,0.9],[56,1,0.09246,0.08838,0,0,1,1,0,11,1,1.1,0.9],[57,1,0.085188,0.055436,0,0,1,1,0,11,1,1.1,0.9],[58,1,0.3453,0.3324,0,0,1,1,0,11,1,1.1,0.9],[59,1,0.0225,0.016829999999999998,0,0,1,1,0,11,1,1.1,0.9],[60,1,0.080551,0.049156,0,0,1,1,0,11,1,1.1,0.9],[61,1,0.09586,0.090757999999999991,0,0,1,1,0,11,1,1.1,0.9],[62,1,0.06292,0.047700000000000006,0,0,1,1,0,11,1,1.1,0.9],[63,1,0.4788,0.46374,0,0,1,1,0,11,1,1.1,0.9],[64,1,0.12093999999999999,0.052006000000000004,0,0,1,1,0,11,1,1.1,0.9],[65,1,0.13911,0.10034,0,0,1,1,0,11,1,1.1,0.9],[66,1,0.39177999999999996,0.1935,0,0,1,1,0,11,1,1.1,0.9],[67,1,0.027741,0.026713,0,0,1,1,0,11,1,1.1,0.9],[68,1,0.052814,0.025257,0,0,1,1,0,11,1,1.1,0.9],[69,1,0.06689,0.038713000000000004,0,0,1,1,0,11,1,1.1,0.9],[70,1,0.4675,0.39514,0,0,1,1,0,11,1,1.1,0.9],[71,1,0.59485,0.23974,0,0,1,1,0,11,1,1.1,0.9],[72,1,0.1325,0.084363,0,0,1,1,0,11,1,1.1,0.9],[73,1,0.052698999999999996,0.022482,0,0,1,1,0,11,1,1.1,0.9],[74,1,0.86979,0.614775,0,0,1,1,0,11,1,1.1,0.9],[75,1,0.031349,0.029817,0,0,1,1,0,11,1,1.1,0.9],[76,1,0.19238999999999998,0.12243000000000001,0,0,1,1,0,11,1,1.1,0.9],[77,1,0.06575,0.04537,0,0,1,1,0,11,1,1.1,0.9],[78,1,0.23815,0.22322,0,0,1,1,0,11,1,1.1,0.9],[79,1,0.29455000000000003,0.16247,0,0,1,1,0,11,1,1.1,0.9],[80,1,0.48557,0.43792000000000003,0,0,1,1,0,11,1,1.1,0.9],[81,1,0.24353,0.18303,0,0,1,1,0,11,1,1.1,0.9],[82,1,0.24353,0.18303,0,0,1,1,0,11,1,1.1,0.9],[83,1,0.13425,0.11929000000000001,0,0,1,1,0,11,1,1.1,0.9],[84,1,0.02271,0.027960000000000002,0,0,1,1,0,11,1,1.1,0.9],[85,1,0.049513,0.026515,0,0,1,1,0,11,1,1.1,0.9],[86,1,0.38377999999999995,0.25716,0,0,1,1,0,11,1,1.1,0.9],[87,1,0.049640000000000004,0.0206,0,0,1,1,0,11,1,1.1,0.9],[88,1,0.022473,0.011805999999999999,0,0,1,1,0,11,1,1.1,0.9],[89,1,0.06293,0.04296,0,0,1,1,0,11,1,1.1,0.9],[90,1,0.030670000000000003,0.03493,0,0,1,1,0,11,1,1.1,0.9],[91,1,0.06253,0.06679,0,0,1,1,0,11,1,1.1,0.9],[92,1,0.11456999999999999,0.081748,0,0,1,1,0,11,1,1.1,0.9],[93,1,0.081292,0.066526,0,0,1,1,0,11,1,1.1,0.9],[94,1,0.031733,0.015960000000000002,0,0,1,1,0,11,1,1.1,0.9],[95,1,0.03332,0.06048,0,0,1,1,0,11,1,1.1,0.9],[96,1,0.53128,0.22485,0,0,1,1,0,11,1,1.1,0.9],[97,1,0.50703,0.36742,0,0,1,1,0,11,1,1.1,0.9],[98,1,0.02639,0.011699999999999999,0,0,1,1,0,11,1,1.1,0.9],[99,1,0.04599,0.030392,0,0,1,1,0,11,1,1.1,0.9],[100,1,0.10066,0.047572,0,0,1,1,0,11,1,1.1,0.9],[101,1,0.45648,0.3503,0,0,1,1,0,11,1,1.1,0.9],[102,1,0.52255999999999991,0.44929,0,0,1,1,0,11,1,1.1,0.9],[103,1,0.40843,0.16846,0,0,1,1,0,11,1,1.1,0.9],[104,1,0.14148,0.13425,0,0,1,1,0,11,1,1.1,0.9],[105,1,0.10443000000000001,0.066024,0,0,1,1,0,11,1,1.1,0.9],[106,1,0.096793,0.083647,0,0,1,1,0,11,1,1.1,0.9],[107,1,0.49392,0.41934,0,0,1,1,0,11,1,1.1,0.9],[108,1,0.22538,0.13588,0,0,1,1,0,11,1,1.1,0.9],[109,1,0.50920999999999994,0.38721,0,0,1,1,0,11,1,1.1,0.9],[110,1,0.1885,0.17346,0,0,1,1,0,11,1,1.1,0.9],[111,1,0.91803,0.89855,0,0,1,1,0,11,1,1.1,0.9],[112,1,0.30507999999999996,0.21537,0,0,1,1,0,11,1,1.1,0.9],[113,1,0.054380000000000005,0.04097,0,0,1,1,0,11,1,1.1,0.9],[114,1,0.21114,0.19290000000000002,0,0,1,1,0,11,1,1.1,0.9],[115,1,0.067009,0.053336,0,0,1,1,0,11,1,1.1,0.9],[116,1,0.16207,0.090321,0,0,1,1,0,11,1,1.1,0.9],[117,1,0.048784999999999995,0.029155999999999998,0,0,1,1,0,11,1,1.1,0.9],[118,1,0.0339,0.01898,0,0,1,1,0,11,1,1.1,0.9]],"gen":[1,0,0,10,-10,1,100,1,10,0,0,0,0,0,0,0,0,0,0,0,0],