{"version":"2","baseMVA":1,"bus":[[1,3,0,0,0,0,1,1,0,12.66,1,1,1],[2,1,0.1,0.06,0,0,1,1,0,12.66,1,1.1,0.9],[3,1,0.09,0.04,0,0,1,1,0,12.66,1,1.1,0.9],[4,1,0.12,0.08,0,0,1,1,0,12.66,1,1.1,0.9],[5,1,0.06,0.03,0,0,1,1,0,12.66,1,1.1,0.9],[6,1,0.06,0.02,0,0,1,1,0,12.66,1,1.1,0.9],[7,1,0.2,0.1,0,0,1,1,0,12.66,1,1.1,0.9],[8,1,0.2,0.1,0,0,1,1,0,12.66,1,1.1,0.9],[9,1,0.06,0.02,0,0,1,1,0,12.66,1,1.1,0.9],[10,1,0.06,0.02,0,0,1,1,0,12.66,1,1.1,0.9],[11,1,0.045,0.03,0,0,1,1,0,12.66,1,1.1,0.9],[12,1,0.06,0.035,0,0,1,1,0,12.66,1,1.1,0.9],[13,1,0.06,0.035,0,0,1,1,0,12.66,1,1.1,0.9],[14,1,0.12,0.08,0,0,1,1,0,12.66,1,1.1,0.9],[15,1,0.06,0.01,0,0,1,1,0,12.66,1,1.1,0.9],[16,1,0.06,0.02,0,0,1,1,0,12.66,1,1.1,0.9],[17,1,0.06,0.02,0,0,1,1,0,12.66,1,1.1,0.9],[18,1,0.09,0.04,0,0,1,1,0,12.66,1,1.1,0.9],[19,1,0.09,0.04,0,0,1,1,0,12.66,1,1.1,0.9],[20,1,0.09,0.04,0,0,1,1,0,12.66,1,1.1,0.9],[21,1,0.09,0.04,0,0,1,1,0,12.66,1,1.1,0.9],[22,1,0.09,0.04,0,0,1,1,0,12.66,1,1.1,0.9],[23,1,0.09,0.05,0,0,1,1,0,12.66,1,1.1,0.9],[24,1,0.42,0.2,0,0,1,1,0,12.66,1,1.1,0.9],[25,1,0.42,0.2,0,0,1,1,0,12.66,1,1.1,0.9],[26,1,0.06,0.025,0,0,1,1,0,12.66,1,1.1,0.9],[27,1,0.06,0.025,0,0,1,1,0,12.66,1,1.1,0.9],[28,1,0.06,0.02,0,0,1,1,0,12.66,1,1.1,0.9],[29,1,0.12,0.07,0,0,1,1,0,12.66,1,1.1,0.9],[30,1,0.2,0.6,0,0,1,1,0,12.66,1,1.1,0.9],[31,1,0.15,0.07,0,0,1,1,0,12.66,1,1.1,0.9],[32,1,0.21,0.1,0,0,1,1,0,12.66,1,1.1,0.9],[33,1,0.06,0.04,0,0,1,1,0,12.66,1,1.1,0.9],[34,1,0,0,0,0,1,1,0,12.66,1,1.1,0.9],[35,1,0,0,0,0,1,1,0,12.66,1,1.1,0.9],[36,1,0,0,0,0,1,1,0,12.66,1,1.1,0.9],[37,1,0,0,0,0,1,1,0,12.66,1,1.1,0.9],[38,1,0,0,0,0,1,1,0,12.66,1,1.1,0.9]],"gen":[1,0,0,10,-10,1,100,1,10,0,0,0,0,0,0,0,0,0,0,0,0],"branch":[[1,2,0.000575259116172393,0.00029324488568440859,0,0,0,0,0,0,1,-360,360],[2,3,0.003075951673242839,0.0015666763999011703,0,0,0,0,0,0,1,-360,360],[3,4,0.0022835665566062458,0.0011629967381185909,0,0,0,0,0,0,1,-360,360],[4,5,0.0023777792751984708,0.0012110389853477385,0,0,0,0,0,0,1,-360,360],[5,6,0.0051099481143729924,0.0044111517910399335,0,0,0,0,0,0,1,-360,360],[6,7,0.0011679881404281127,0.00386084968641515,0,0,0,0,0,0,1,-360,360],[7,8,0.0044386045037423045,0.0014668483537107332,0,0,0,0,0,0,1,-360,360],[8,9,0.0064264304735093805,0.00461704713630771,0,0,0,0,0,0,1,-360,360],[9,10,0.0065137800139260125,0.00461704713630771,0,0,0,0,0,0,1,-360,360],[10,11,0.0012266371175649942,0.00040555143764865021,0,0,0,0,0,0,1,-360,360],[11,12,0.0023359762808562255,0.000772419507398506,0,0,0,0,0,0,1,-360,360],[12,13,0.0091592232379725923,0.0072063370843721691,0,0,0,0,0,0,1,-360,360],[13,14,0.0033791793635462915,0.004447963383072657,0,0,0,0,0,0,1,-360,360],[14,15,0.0036873984561592655,0.0032818470185106158,0,0,0,0,0,0,1,-360,360],[15,16,0.0046563544294951943,0.0034003928233617598,0,0,0,0,0,0,1,-360,360],[16,17,0.0080423969712170775,0.010737754218358878,0,0,0,0,0,0,1,-360,360],[17,18,0.0045671331132124916,0.0035813311570819261,0,0,0,0,0,0,1,-360,360],[2,19,0.001023237473451979,0.00097644307680021161,0,0,0,0,0,0,1,-360,360],[19,20,0.0093850841924784552,0.0084566833629073912,0,0,0,0,0,0,1,-360,360],[20,21,0.0025549740571864962,0.0029848585810940656,0,0,0,0,0,0,1,-360,360],[21,22,0.0044230063715250479,0.0058480517308935357,0,0,0,0,0,0,1,-360,360],[3,23,0.0028151509025703225,0.0019235616650319825,0,0,0,0,0,0,1,-360,360],[23,24,0.0056028490924382749,0.0044242542221024283,0,0,0,0,0,0,1,-360,360],[24,25,0.00559037058666447,0.00437434019900721,0,0,0,0,0,0,1,-360,360],[6,26,0.0012665683360411691,0.000645138748505699,0,0,0,0,0,0,1,-360,360],[26,27,0.0017731956704576369,0.00090281989273476439,0,0,0,0,0,0,1,-360,360],[27,28,0.0066073688072295468,0.0058255904205006875,0,0,0,0,0,0,1,-360,360],[28,29,0.0050176071716468386,0.0043712205725637589,0,0,0,0,0,0,1,-360,360],[29,30,0.0031664208401029226,0.0016128468712642474,0,0,0,0,0,0,1,-360,360],[30,31,0.0060795280129976124,0.0060084005300869254,0,0,0,0,0,0,1,-360,360],[31,32,0.0019372880213831675,0.0022579856197699464,0,0,0,0,0,0,1,-360,360],[32,33,0.0021275852344336882,0.0033080518806356055,0,0,0,0,0,0,1,-360,360],[8,34,0.012478505773804622,0.012478505773804622,0,0,0,0,0,0,1,-360,360],[9,35,0.012478505773804622,0.012478505773804622,0,0,0,0,0,0,1,-360,360],[12,36,0.012478505773804622,0.012478505773804622,0,0,0,0,0,0,1,-360,360],[18,37,0.0031196264434511555,0.0031196264434511555,0,0,0,0,0,0,1,-360,360],[25,38,0.0031196264434511555,0.0031196264434511555,0,0,0,0,0,0,1,-360,360]],"gencost":[2,0,0,3,0,20,0]}