{"version":"2","baseMVA":10,"bus":[[1,3,0,0,0,0,1,1,0,12.66,1,1,1],[2,1,0.1,0.06,0,0,1,1,0,12.66,1,1.1,0.9],[3,1,0.09,0.04,0,0,1,1,0,12.66,1,1.1,0.9],[4,1,0.12,0.08,0,0,1,1,0,12.66,1,1.1,0.9],[5,1,0.06,0.03,0,0,1,1,0,12.66,1,1.1,0.9],[6,1,0.06,0.02,0,0,1,1,0,12.66,1,1.1,0.9],[7,1,0.2,0.1,0,0,1,1,0,12.66,1,1.1,0.9],[8,1,0.2,0.1,0,0,1,1,0,12.66,1,1.1,0.9],[9,1,0.06,0.02,0,0,1,1,0,12.66,1,1.1,0.9],[10,1,0.06,0.02,0,0,1,1,0,12.66,1,1.1,0.9],[11,1,0.045,0.03,0,0,1,1,0,12.66,1,1.1,0.9],[12,1,0.06,0.035,0,0,1,1,0,12.66,1,1.1,0.9],[13,1,0.06,0.035,0,0,1,1,0,12.66,1,1.1,0.9],[14,1,0.12,0.08,0,0,1,1,0,12.66,1,1.1,0.9],[15,1,0.06,0.01,0,0,1,1,0,12.66,1,1.1,0.9],[16,1,0.06,0.02,0,0,1,1,0,12.66,1,1.1,0.9],[17,1,0.06,0.02,0,0,1,1,0,12.66,1,1.1,0.9],[18,1,0.09,0.04,0,0,1,1,0,12.66,1,1.1,0.9],[19,1,0.09,0.04,0,0,1,1,0,12.66,1,1.1,0.9],[20,1,0.09,0.04,0,0,1,1,0,12.66,1,1.1,0.9],[21,1,0.09,0.04,0,0,1,1,0,12.66,1,1.1,0.9],[22,1,0.09,0.04,0,0,1,1,0,12.66,1,1.1,0.9],[23,1,0.09,0.05,0,0,1,1,0,12.66,1,1.1,0.9],[24,1,0.42,0.2,0,0,1,1,0,12.66,1,1.1,0.9],[25,1,0.42,0.2,0,0,1,1,0,12.66,1,1.1,0.9],[26,1,0.06,0.025,0,0,1,1,0,12.66,1,1.1,0.9],[27,1,0.06,0.025,0,0,1,1,0,12.66,1,1.1,0.9],[28,1,0.06,0.02,0,0,1,1,0,12.66,1,1.1,0.9],[29,1,0.12,0.07,0,0,1,1,0,12.66,1,1.1,0.9],[30,1,0.2,0.6,0,0,1,1,0,12.66,1,1.1,0.9],[31,1,0.15,0.07,0,0,1,1,0,12.66,1,1.1,0.9],[32,1,0.21,0.1,0,0,1,1,0,12.66,1,1.1,0.9],[33,1,0.06,0.04,0,0,1,1,0,12.66,1,1.1,0.9]],"gen":[1,0,0,10,-10,1,100,1,10,0,0,0,0,0,0,0,0,0,0,0,0],"branch":[[1,2,0.0057525911617239307,0.002932448856844086,0,0,0,0,0,0,1,-360,360],[2,3,0.030759516732428389,0.0156667639990117,0,0,0,0,0,0,1,-360,360],[3,4,0.022835665566062455,0.011629967381185907,0,0,0,0,0,0,1,-360,360],[4,5,0.023777792751984703,0.012110389853477383,0,0,0,0,0,0,1,-360,360],[5,6,0.051099481143729919,0.044111517910399328,0,0,0,0,0,0,1,-360,360],[6,7,0.011679881404281126,0.0386084968641515,0,0,0,0,0,0,1,-360,360],[7,8,0.044386045037423036,0.014668483537107332,0,0,0,0,0,0,1,-360,360],[8,9,0.0642643047350938,0.046170471363077094,0,0,0,0,0,0,1,-360,360],[9,10,0.065137800139260127,0.046170471363077094,0,0,0,0,0,0,1,-360,360],[10,11,0.012266371175649942,0.0040555143764865022,0,0,0,0,0,0,1,-360,360],[11,12,0.023359762808562251,0.00772419507398506,0,0,0,0,0,0,1,-360,360],[12,13,0.091592232379725913,0.072063370843721691,0,0,0,0,0,0,1,-360,360],[13,14,0.033791793635462912,0.044479633830726568,0,0,0,0,0,0,1,-360,360],[14,15,0.036873984561592653,0.032818470185106155,0,0,0,0,0,0,1,-360,360],[15,16,0.046563544294951936,0.034003928233617593,0,0,0,0,0,0,1,-360,360],[16,17,0.080423969712170779,0.10737754218358876,0,0,0,0,0,0,1,-360,360],[17,18,0.045671331132124911,0.03581331157081926,0,0,0,0,0,0,1,-360,360],[2,19,0.010232374734519789,0.0097644307680021161,0,0,0,0,0,0,1,-360,360],[19,20,0.093850841924784545,0.084566833629073912,0,0,0,0,0,0,1,-360,360],[20,21,0.02554974057186496,0.029848585810940652,0,0,0,0,0,0,1,-360,360],[21,22,0.044230063715250477,0.058480517308935359,0,0,0,0,0,0,1,-360,360],[3,23,0.028151509025703222,0.019235616650319823,0,0,0,0,0,0,1,-360,360],[23,24,0.056028490924382751,0.044242542221024278,0,0,0,0,0,0,1,-360,360],[24,25,0.0559037058666447,0.043743401990072095,0,0,0,0,0,0,1,-360,360],[6,26,0.012665683360411691,0.00645138748505699,0,0,0,0,0,0,1,-360,360],[26,27,0.017731956704576366,0.0090281989273476426,0,0,0,0,0,0,1,-360,360],[27,28,0.066073688072295467,0.05825590420500687,0,0,0,0,0,0,1,-360,360],[28,29,0.05017607171646838,0.043712205725637589,0,0,0,0,0,0,1,-360,360],[29,30,0.031664208401029223,0.016128468712642473,0,0,0,0,0,0,1,-360,360],[30,31,0.060795280129976113,0.060084005300869249,0,0,0,0,0,0,1,-360,360],[31,32,0.019372880213831673,0.02257985619769946,0,0,0,0,0,0,1,-360,360],[32,33,0.02127585234433688,0.033080518806356048,0,0,0,0,0,0,1,-360,360],[21,8,0.12478505773804621,0.12478505773804621,0,0,0,0,0,0,0,-360,360],[9,15,0.12478505773804621,0.12478505773804621,0,0,0,0,0,0,0,-360,360],[12,22,0.12478505773804621,0.12478505773804621,0,0,0,0,0,0,0,-360,360],[18,33,0.031196264434511553,0.031196264434511553,0,0,0,0,0,0,0,-360,360],[25,29,0.031196264434511553,0.031196264434511553,0,0,0,0,0,0,0,-360,360]],"gencost":[2,0,0,3,0,20,0]}