{"version":"2","baseMVA":10,"bus":[[1,3,0,0,0,0,1,1,0,12.66,1,1,1],[2,1,0,0,0,0,1,1,0,12.66,1,1.1,0.9],[3,1,0,0,0,0,1,1,0,12.66,1,1.1,0.9],[4,1,0,0,0,0,1,1,0,12.66,1,1.1,0.9],[5,1,0,0,0,0,1,1,0,12.66,1,1.1,0.9],[6,1,0.0026,0.0022,0,0,1,1,0,12.66,1,1.1,0.9],[7,1,0.0404,0.03,0,0,1,1,0,12.66,1,1.1,0.9],[8,1,0.075,0.054,0,0,1,1,0,12.66,1,1.1,0.9],[9,1,0.03,0.022,0,0,1,1,0,12.66,1,1.1,0.9],[10,1,0.028,0.019,0,0,1,1,0,12.66,1,1.1,0.9],[11,1,0.145,0.104,0,0,1,1,0,12.66,1,1.1,0.9],[12,1,0.145,0.104,0,0,1,1,0,12.66,1,1.1,0.9],[13,1,0.008,0.0055,0,0,1,1,0,12.66,1,1.1,0.9],[14,1,0.008,0.0055,0,0,1,1,0,12.66,1,1.1,0.9],[15,1,0,0,0,0,1,1,0,12.66,1,1.1,0.9],[16,1,0.0455,0.03,0,0,1,1,0,12.66,1,1.1,0.9],[17,1,0.06,0.035,0,0,1,1,0,12.66,1,1.1,0.9],[18,1,0.06,0.035,0,0,1,1,0,12.66,1,1.1,0.9],[19,1,0,0,0,0,1,1,0,12.66,1,1.1,0.9],[20,1,0.001,0.0006,0,0,1,1,0,12.66,1,1.1,0.9],[21,1,0.114,0.081,0,0,1,1,0,12.66,1,1.1,0.9],[22,1,0.0053,0.0035,0,0,1,1,0,12.66,1,1.1,0.9],[23,1,0,0,0,0,1,1,0,12.66,1,1.1,0.9],[24,1,0.028,0.02,0,0,1,1,0,12.66,1,1.1,0.9],[25,1,0,0,0,0,1,1,0,12.66,1,1.1,0.9],[26,1,0.014,0.01,0,0,1,1,0,12.66,1,1.1,0.9],[27,1,0.014,0.01,0,0,1,1,0,12.66,1,1.1,0.9],[28,1,0.026,0.018600000000000002,0,0,1,1,0,12.66,1,1.1,0.9],[29,1,0.026,0.018600000000000002,0,0,1,1,0,12.66,1,1.1,0.9],[30,1,0,0,0,0,1,1,0,12.66,1,1.1,0.9],[31,1,0,0,0,0,1,1,0,12.66,1,1.1,0.9],[32,1,0,0,0,0,1,1,0,12.66,1,1.1,0.9],[33,1,0.014,0.01,0,0,1,1,0,12.66,1,1.1,0.9],[34,1,0.0195,0.014,0,0,1,1,0,12.66,1,1.1,0.9],[35,1,0.006,0.004,0,0,1,1,0,12.66,1,1.1,0.9],[36,1,0.026,0.018600000000000002,0,0,1,1,0,12.66,1,1.1,0.9],[37,1,0.026,0.018600000000000002,0,0,1,1,0,12.66,1,1.1,0.9],[38,1,0,0,0,0,1,1,0,12.66,1,1.1,0.9],[39,1,0.024,0.017,0,0,1,1,0,12.66,1,1.1,0.9],[40,1,0.024,0.017,0,0,1,1,0,12.66,1,1.1,0.9],[41,1,0.0012,0.001,0,0,1,1,0,12.66,1,1.1,0.9],[42,1,0,0,0,0,1,1,0,12.66,1,1.1,0.9],[43,1,0.006,0.0043,0,0,1,1,0,12.66,1,1.1,0.9],[44,1,0,0,0,0,1,1,0,12.66,1,1.1,0.9],[45,1,0.039200000000000006,0.0263,0,0,1,1,0,12.66,1,1.1,0.9],[46,1,0.039200000000000006,0.0263,0,0,1,1,0,12.66,1,1.1,0.9],[47,1,0,0,0,0,1,1,0,12.66,1,1.1,0.9],[48,1,0.079,0.0564,0,0,1,1,0,12.66,1,1.1,0.9],[49,1,0.3847,0.2745,0,0,1,1,0,12.66,1,1.1,0.9],[50,1,0.3847,0.2745,0,0,1,1,0,12.66,1,1.1,0.9],[51,1,0.0405,0.028300000000000002,0,0,1,1,0,12.66,1,1.1,0.9],[52,1,0.0036,0.0027,0,0,1,1,0,12.66,1,1.1,0.9],[53,1,0.0043,0.0035,0,0,1,1,0,12.66,1,1.1,0.9],[54,1,0.0264,0.019,0,0,1,1,0,12.66,1,1.1,0.9],[55,1,0.024,0.0172,0,0,1,1,0,12.66,1,1.1,0.9],[56,1,0,0,0,0,1,1,0,12.66,1,1.1,0.9],[57,1,0,0,0,0,1,1,0,12.66,1,1.1,0.9],[58,1,0,0,0,0,1,1,0,12.66,1,1.1,0.9],[59,1,0.1,0.072,0,0,1,1,0,12.66,1,1.1,0.9],[60,1,0,0,0,0,1,1,0,12.66,1,1.1,0.9],[61,1,1.244,0.888,0,0,1,1,0,12.66,1,1.1,0.9],[62,1,0.032,0.023,0,0,1,1,0,12.66,1,1.1,0.9],[63,1,0,0,0,0,1,1,0,12.66,1,1.1,0.9],[64,1,0.227,0.162,0,0,1,1,0,12.66,1,1.1,0.9],[65,1,0.059,0.042,0,0,1,1,0,12.66,1,1.1,0.9],[66,1,0.018,0.013,0,0,1,1,0,12.66,1,1.1,0.9],[67,1,0.018,0.013,0,0,1,1,0,12.66,1,1.1,0.9],[68,1,0.028,0.02,0,0,1,1,0,12.66,1,1.1,0.9],[69,1,0.028,0.02,0,0,1,1,0,12.66,1,1.1,0.9]],"gen":[1,0,0,10,-10,1,100,1,10,0,0,0,0,0,0,0,0,0,0,0,0],"branch":[[1,2,3.119626443451155E-5,7.4871034642827718E-5,0,0,0,0,0,0,1,-360,360],[2,3,3.119626443451155E-5,7.4871034642827718E-5,0,0,0,0,0,0,1,-360,360],[3,4,9.3588793303534651E-5,0.00022461310392848317,0,0,0,0,0,0,1,-360,360],[4,5,0.00156605247461248,0.0018343403487492791,0,0,0,0,0,0,1,-360,360],[5,6,0.022835665566062455,0.011629967381185907,0,0,0,0,0,0,1,-360,360],[6,7,0.023771553499097802,0.012110389853477383,0,0,0,0,0,0,1,-360,360],[7,8,0.0057525911617239307,0.002932448856844086,0,0,0,0,0,0,1,-360,360],[8,9,0.0030759516732428386,0.00156605247461248,0,0,0,0,0,0,1,-360,360],[9,10,0.051099481143729919,0.016889657564844555,0,0,0,0,0,0,1,-360,360],[10,11,0.011679881404281126,0.00386209753699253,0,0,0,0,0,0,1,-360,360],[11,12,0.044386045037423036,0.014668483537107332,0,0,0,0,0,0,1,-360,360],[12,13,0.0642643047350938,0.021213459815467857,0,0,0,0,0,0,1,-360,360],[13,14,0.065137800139260127,0.021213459815467857,0,0,0,0,0,0,1,-360,360],[14,15,0.06601129554342644,0.021812428092610477,0,0,0,0,0,0,1,-360,360],[15,16,0.012266371175649942,0.0040555143764865022,0,0,0,0,0,0,1,-360,360],[16,17,0.023359762808562251,0.00772419507398506,0,0,0,0,0,0,1,-360,360],[17,18,0.00029324488568440859,9.9828046190436967E-5,0,0,0,0,0,0,1,-360,360],[18,19,0.02043979245749197,0.0067571108765152018,0,0,0,0,0,0,1,-360,360],[19,20,0.013139866579816266,0.0043050844919625946,0,0,0,0,0,0,1,-360,360],[20,21,0.021313287861658294,0.0070441165093127088,0,0,0,0,0,0,1,-360,360],[21,22,0.00087349540416632341,0.0002870056327975063,0,0,0,0,0,0,1,-360,360],[22,23,0.0099266513430615756,0.0032818470185106154,0,0,0,0,0,0,1,-360,360],[23,24,0.0216065327473427,0.0071439445555031454,0,0,0,0,0,0,1,-360,360],[24,25,0.0467195256171245,0.015442150895083218,0,0,0,0,0,0,1,-360,360],[25,26,0.019273052167641237,0.006370277197527259,0,0,0,0,0,0,1,-360,360],[26,27,0.010806386000114802,0.0035688526513081215,0,0,0,0,0,0,1,-360,360],[3,28,0.00027452712702370167,0.00067383931178544953,0,0,0,0,0,0,1,-360,360],[28,29,0.0039931218476174785,0.0097644307680021161,0,0,0,0,0,0,1,-360,360],[29,30,0.02481974798409739,0.0082046175462765387,0,0,0,0,0,0,1,-360,360],[30,31,0.0043799555266054221,0.0014475066697613359,0,0,0,0,0,0,1,-360,360],[31,32,0.021899777633027109,0.0072375333488066806,0,0,0,0,0,0,1,-360,360],[32,33,0.052347331721110384,0.017569736129516907,0,0,0,0,0,0,1,-360,360],[33,34,0.10656643930829146,0.035226821799450442,0,0,0,0,0,0,1,-360,360],[34,35,0.091966587552940057,0.030403879317874957,0,0,0,0,0,0,1,-360,360],[3,36,0.00027452712702370167,0.00067383931178544953,0,0,0,0,0,0,1,-360,360],[36,37,0.0039931218476174785,0.0097644307680021161,0,0,0,0,0,0,1,-360,360],[37,38,0.0065699332899081331,0.0076742810508898416,0,0,0,0,0,0,1,-360,360],[38,39,0.0018967328776183024,0.0022149347748503198,0,0,0,0,0,0,1,-360,360],[39,40,0.00011230655196424158,0.00013102431062494852,0,0,0,0,0,0,1,-360,360],[40,41,0.045440478775309524,0.053089802814651761,0,0,0,0,0,0,1,-360,360],[41,42,0.019341683949397163,0.022604813209247072,0,0,0,0,0,0,1,-360,360],[42,43,0.0025580936836299474,0.0029823628799393043,0,0,0,0,0,0,1,-360,360],[43,44,0.00057401126559501259,0.000723753334880668,0,0,0,0,0,0,1,-360,360],[44,45,0.0067945463938366155,0.0085664942137168732,0,0,0,0,0,0,1,-360,360],[45,46,5.6153275982120792E-5,7.4871034642827718E-5,0,0,0,0,0,0,1,-360,360],[4,47,0.00021213459815467854,0.00052409724249979407,0,0,0,0,0,0,1,-360,360],[47,48,0.0053096042067538657,0.012996363763417514,0,0,0,0,0,0,1,-360,360],[48,49,0.018081354866242894,0.044242542221024278,0,0,0,0,0,0,1,-360,360],[49,50,0.0051286658730336984,0.012547137555560545,0,0,0,0,0,0,1,-360,360],[8,51,0.0057900266790453436,0.0029511666155047928,0,0,0,0,0,0,1,-360,360],[51,52,0.020708080331628766,0.0071127482910686339,0,0,0,0,0,0,1,-360,360],[9,53,0.01085630002321002,0.0055279780577954466,0,0,0,0,0,0,1,-360,360],[53,54,0.012665683360411691,0.00645138748505699,0,0,0,0,0,0,1,-360,360],[54,55,0.017731956704576366,0.0090281989273476426,0,0,0,0,0,0,1,-360,360],[55,56,0.017551018370856198,0.00894084938693101,0,0,0,0,0,0,1,-360,360],[56,57,0.09920412090174674,0.033298892657397626,0,0,0,0,0,0,1,-360,360],[57,58,0.0488970248746534,0.016409235092553077,0,0,0,0,0,0,1,-360,360],[58,59,0.018979807281956831,0.0062766884042237238,0,0,0,0,0,0,1,-360,360],[59,60,0.024089755396329821,0.007312404383449508,0,0,0,0,0,0,1,-360,360],[60,61,0.031664208401029223,0.016128468712642473,0,0,0,0,0,0,1,-360,360],[61,62,0.0060770323118428506,0.0030946694319035459,0,0,0,0,0,0,1,-360,360],[62,63,0.00904691668600835,0.0046045686305339053,0,0,0,0,0,0,1,-360,360],[63,64,0.044329891761440914,0.02257985619769946,0,0,0,0,0,0,1,-360,360],[64,65,0.064950622552653048,0.033080518806356048,0,0,0,0,0,0,1,-360,360],[11,66,0.012553376808447448,0.0038121835138973117,0,0,0,0,0,0,1,-360,360],[66,67,0.00029324488568440859,8.7349540416632349E-5,0,0,0,0,0,0,1,-360,360],[12,68,