{"version":"2","baseMVA":1,"bus":[[1,3,0,0,0,0,1,1,0,22,1,1,1],[2,1,0.01458,0.00807,0,0,1,1,0,22,1,1.1,0.9],[3,1,0,0,0,0,1,1,0,22,1,1.1,0.9],[4,1,0,0,0,0,1,1,0,22,1,1.1,0.9],[5,1,0,0,0,0,1,1,0,22,1,1.1,0.9],[6,1,0.01458,0.00807,0,0,1,1,0,22,1,1.1,0.9],[7,1,0,0,0,0,1,1,0,22,1,1.1,0.9],[8,1,0,0,0,0,1,1,0,22,1,1.1,0.9],[9,1,0.05833,0.03227,0,0,1,1,0,22,1,1.1,0.9],[10,1,0,0,0,0,1,1,0,22,1,1.1,0.9],[11,1,0,0,0,0,1,1,0,22,1,1.1,0.9],[12,1,0.02,0.015,0,0,1,1,0,22,1,1.1,0.9],[13,1,0,0,0,0,1,1,0,22,1,1.1,0.9],[14,1,0,0,0,0,1,1,0,22,1,1.1,0.9],[15,1,0,0,0,0,1,1,0,22,1,1.1,0.9],[16,1,0.02917,0.01614,0,0,1,1,0,22,1,1.1,0.9],[17,1,0.07292,0.04034,0,0,1,1,0,22,1,1.1,0.9],[18,1,0.02,0.015,0,0,1,1,0,22,1,1.1,0.9],[19,1,0.14567,0.08069,0,0,1,1,0,22,1,1.1,0.9],[20,1,0.06288,0.03333,0,0,1,1,0,22,1,1.1,0.9],[21,1,0.01458,0.00807,0,0,1,1,0,22,1,1.1,0.9],[22,1,0.094790000000000013,0.052450000000000004,0,0,1,1,0,22,1,1.1,0.9],[23,1,0.01458,0.00807,0,0,1,1,0,22,1,1.1,0.9],[24,1,0,0,0,0,1,1,0,22,1,1.1,0.9],[25,1,0.01458,0.00807,0,0,1,1,0,22,1,1.1,0.9],[26,1,0.035,0.01936,0,0,1,1,0,22,1,1.1,0.9],[27,1,0.02917,0.01614,0,0,1,1,0,22,1,1.1,0.9],[28,1,0.02917,0.01614,0,0,1,1,0,22,1,1.1,0.9],[29,1,0.091879999999999989,0.05083,0,0,1,1,0,22,1,1.1,0.9],[30,1,0.0859,0.03683,0,0,1,1,0,22,1,1.1,0.9],[31,1,0.02917,0.01614,0,0,1,1,0,22,1,1.1,0.9],[32,1,0.01458,0.00807,0,0,1,1,0,22,1,1.1,0.9],[33,1,0.04375,0.024210000000000002,0,0,1,1,0,22,1,1.1,0.9],[34,1,0.04375,0.024210000000000002,0,0,1,1,0,22,1,1.1,0.9],[35,1,0,0,0,0,1,1,0,22,1,1.1,0.9],[36,1,0.14583000000000002,0.08069,0,0,1,1,0,22,1,1.1,0.9],[37,1,0.091879999999999989,0.05083,0,0,1,1,0,22,1,1.1,0.9],[38,1,0.02917,0.01614,0,0,1,1,0,22,1,1.1,0.9],[39,1,0.05833,0.03227,0,0,1,1,0,22,1,1.1,0.9],[40,1,0.01458,0.00807,0,0,1,1,0,22,1,1.1,0.9],[41,1,0.02917,0.01614,0,0,1,1,0,22,1,1.1,0.9],[42,1,0.02917,0.01614,0,0,1,1,0,22,1,1.1,0.9],[43,1,0.02917,0.01614,0,0,1,1,0,22,1,1.1,0.9],[44,1,0.14875,0.0823,0,0,1,1,0,22,1,1.1,0.9],[45,1,0.02917,0.01614,0,0,1,1,0,22,1,1.1,0.9],[46,1,0,0,0,0,1,1,0,22,1,1.1,0.9],[47,1,0.02917,0.01614,0,0,1,1,0,22,1,1.1,0.9],[48,1,0.05833,0.03227,0,0,1,1,0,22,1,1.1,0.9],[49,1,0.04375,0.024210000000000002,0,0,1,1,0,22,1,1.1,0.9],[50,1,0.11667,0.06455,0,0,1,1,0,22,1,1.1,0.9],[51,1,0.091879999999999989,0.05083,0,0,1,1,0,22,1,1.1,0.9]],"gen":[1,0,0,10,-10,1,100,1,10,0,0,0,0,0,0,0,0,0,0,0,0],"branch":[[1,2,0.00087066115702479335,0.0015152892561983472,0,0,0,0,0,0,1,-360,360],[2,3,0.00087066115702479335,0.0015152892561983472,0,0,0,0,0,0,1,-360,360],[3,4,0.00043533057851239667,0.00075764462809917361,0,0,0,0,0,0,1,-360,360],[4,5,0.00087066115702479335,0.0015152892561983472,0,0,0,0,0,0,1,-360,360],[5,6,0.00043533057851239667,0.00075764462809917361,0,0,0,0,0,0,1,-360,360],[6,7,0.00043533057851239667,0.00075764462809917361,0,0,0,0,0,0,1,-360,360],[7,8,0.00087066115702479335,0.0015152892561983472,0,0,0,0,0,0,1,-360,360],[8,9,0.00087066115702479335,0.0015152892561983472,0,0,0,0,0,0,1,-360,360],[9,10,0.00082561983471074387,0.0013887396694214876,0,0,0,0,0,0,1,-360,360],[10,11,0.0011008264462809918,0.0018516528925619834,0,0,0,0,0,0,1,-360,360],[11,12,0.00055041322314049591,0.00092582644628099169,0,0,0,0,0,0,1,-360,360],[12,13,0.0016512396694214877,0.0027774793388429752,0,0,0,0,0,0,1,-360,360],[13,14,0.0011008264462809918,0.0018516528925619834,0,0,0,0,0,0,1,-360,360],[14,15,0.0034436983471074381,0.0022768595041322316,0,0,0,0,0,0,1,-360,360],[15,16,0.0041324380165289262,0.0027322314049586776,0,0,0,0,0,0,1,-360,360],[16,17,0.0013774793388429752,0.0009107438016528926,0,0,0,0,0,0,1,-360,360],[17,18,0.0027549586776859504,0.0018214876033057852,0,0,0,0,0,0,1,-360,360],[18,19,0.0013774793388429752,0.0009107438016528926,0,0,0,0,0,0,1,-360,360],[3,20,0.011019834710743802,0.0072859504132231408,0,0,0,0,0,0,1,-360,360],[4,21,0.0027549586776859504,0.0018214876033057852,0,0,0,0,0,0,1,-360,360],[5,22,0.0068873966942148762,0.0045537190082644632,0,0,0,0,0,0,1,-360,360],[22,23,0.0055099173553719008,0.0036429752066115704,0,0,0,0,0,0,1,-360,360],[23,24,0.0013774793388429752,0.0009107438016528926,0,0,0,0,0,0,1,-360,360],[24,25,0.013774793388429752,0.0091074380165289265,0,0,0,0,0,0,1,-360,360],[25,26,0.0027549586776859504,0.0018214876033057852,0,0,0,0,0,0,1,-360,360],[26,27,0.0041324380165289262,0.0027322314049586776,0,0,0,0,0,0,1,-360,360],[23,28,0.011019834710743802,0.0072859504132231408,0,0,0,0,0,0,1,-360,360],[24,29,0.0027549586776859504,0.0018214876033057852,0,0,0,0,0,0,1,-360,360],[7,30,0.010331095041322314,0.006830578512396694,0,0,0,0,0,0,1,-360,360],[30,31,0.0013774793388429752,0.0009107438016528926,0,0,0,0,0,0,1,-360,360],[31,32,0.0027549586776859504,0.0018214876033057852,0,0,0,0,0,0,1,-360,360],[32,33,0.0027549586776859504,0.0018214876033057852,0,0,0,0,0,0,1,-360,360],[33,34,0.0020662190082644631,0.0013661157024793388,0,0,0,0,0,0,1,-360,360],[34,35,0.0027549586776859504,0.0018214876033057852,0,0,0,0,0,0,1,-360,360],[35,36,0.0048211776859504131,0.003187603305785124,0,0,0,0,0,0,1,-360,360],[36,37,0.0027549586776859504,0.0018214876033057852,0,0,0,0,0,0,1,-360,360],[37,38,0.0020662190082644631,0.0013661157024793388,0,0,0,0,0,0,1,-360,360],[30,39,0.0041324380165289262,0.0027322314049586776,0,0,0,0,0,0,1,-360,360],[35,40,0.0027549586776859504,0.0018214876033057852,0,0,0,0,0,0,1,-360,360],[8,41,0.0020662190082644631,0.0013661157024793388,0,0,0,0,0,0,1,-360,360],[9,42,0.0027549586776859504,0.0018214876033057852,0,0,0,0,0,0,1,-360,360],[10,43,0.0082648760330578525,0.0054644628099173552,0,0,0,0,0,0,1,-360,360],[11,44,0.0027549586776859504,0.0018214876033057852,0,0,0,0,0,0,1,-360,360],[12,45,0.0096423553719008261,0.006375206611570248,0,0,0,0,0,0,1,-360,360],[14,46,0.0013774793388429752,0.0009107438016528926,0,0,0,0,0,0,1,-360,360],[46,47,0.0041324380165289262,0.0027322314049586776,0,0,0,0,0,0,1,-360,360],[47,48,0.0041324380165289262,0.0027322314049586776,0,0,0,0,0,0,1,-360,360],[46,49,0.000275495867768595,0.0001821487603305785,0,0,0,0,0,0,1,-360,360],[15,50,0.0096423553719008261,0.006375206611570248,0,0,0,0,0,0,1,-360,360],[17,51,0.0055099173553719008,0.0036429752066115704,0,0,0,0,0,0,1,-360,360]],"gencost":[2,0,0,3,0,20,0]}