{"version":"2","baseMVA":10,"bus":[[1,3,0,0,0,0,1,1,0,12.66,1,1,1],[2,1,0,0,0,0,1,1,0,12.66,1,1.1,0.9],[3,1,2,1.6,0,0,1,1,0,12.66,1,1.1,0.9],[4,1,3,0.4,0,0,1,1,0,12.66,1,1.1,0.9],[5,1,2,-0.4,0,0,1,1,0,12.66,1,1.1,0.9],[6,1,1.5,1.2,0,0,1,1,0,12.66,1,1.1,0.9],[7,1,4,2.7,0,0,1,1,0,12.66,1,1.1,0.9],[8,1,5,1.8,0,0,1,1,0,12.66,1,1.1,0.9],[9,1,1,0.9,0,0,1,1,0,12.66,1,1.1,0.9],[10,1,0.6,-0.5,0,0,1,1,0,12.66,1,1.1,0.9],[11,1,4.5,-1.7,0,0,1,1,0,12.66,1,1.1,0.9],[12,1,1,0.9,0,0,1,1,0,12.66,1,1.1,0.9],[13,1,1,-1.1,0,0,1,1,0,12.66,1,1.1,0.9],[14,1,1,0.9,0,0,1,1,0,12.66,1,1.1,0.9],[15,1,2.1,-0.8,0,0,1,1,0,12.66,1,1.1,0.9]],"gen":[1,0,0,10,-10,1,100,1,10,0,0,0,0,0,0,0,0,0,0,0,0],"branch":[[1,2,0,6.239252886902311E-10,0,0,0,0,0,0,1,-360,360],[2,3,0.0074995819700565767,0.010001522377704403,0,0,0,0,0,0,1,-360,360],[3,4,0.0079987222010087615,0.010999802839608774,0,0,0,0,0,0,1,-360,360],[3,5,0.0089970026629131311,0.018000244578713163,0,0,0,0,0,0,1,-360,360],[5,6,0.0039993611005043807,0.0039993611005043807,0,0,0,0,0,0,1,-360,360],[2,7,0.010999802839608774,0.010999802839608774,0,0,0,0,0,0,1,-360,360],[7,8,0.0079987222010087615,0.010999802839608774,0,0,0,0,0,0,1,-360,360],[7,9,0.010999802839608774,0.010999802839608774,0,0,0,0,0,0,1,-360,360],[8,10,0.010999802839608774,0.010999802839608774,0,0,0,0,0,0,1,-360,360],[8,11,0.0079987222010087615,0.010999802839608774,0,0,0,0,0,0,1,-360,360],[2,12,0.010999802839608774,0.010999802839608774,0,0,0,0,0,0,1,-360,360],[12,13,0.0089970026629131311,0.011998083301513142,0,0,0,0,0,0,1,-360,360],[12,14,0.0079987222010087615,0.010999802839608774,0,0,0,0,0,0,1,-360,360],[14,15,0.0039993611005043807,0.0039993611005043807,0,0,0,0,0,0,1,-360,360]],"gencost":[2,0,0,3,0,20,0]}