{"version":"2","baseMVA":10,"bus":[[1,1,0,0,0,0,1,1,0,12.5,1,1.1,0.9],[2,1,0.2,0.12,0,1.05,1,1,0,12.5,1,1.1,0.9],[3,1,0.4,0.25,0,0.6,1,1,0,12.5,1,1.1,0.9],[4,1,1.5,0.93,0,0.6,1,1,0,12.5,1,1.1,0.9],[5,1,3,2.26,0,1.8,1,1,0,12.5,1,1.1,0.9],[6,1,0.8,0.5,0,0,1,1,0,12.5,1,1.1,0.9],[7,1,0.2,0.12,0,0.6,1,1,0,12.5,1,1.1,0.9],[8,1,1,0.62,0,0,1,1,0,12.5,1,1.1,0.9],[9,1,0.5,0.31,0,0,1,1,0,12.5,1,1.1,0.9],[20,1,1,0.62,0,0.6,1,1,0,12.5,1,1.1,0.9],[21,1,0.3,0.19,0,1.2,1,1,0,12.5,1,1.1,0.9],[22,1,0.2,0.12,0,0,1,1,0,12.5,1,1.1,0.9],[23,1,0.8,0.5,0,0,1,1,0,12.5,1,1.1,0.9],[24,1,0.5,0.31,0,1.5,1,1,0,12.5,1,1.1,0.9],[25,1,1,0.62,0,0.9,1,1,0,12.5,1,1.1,0.9],[26,1,0.2,0.12,0,0,1,1,0,12.5,1,1.1,0.9],[50,1,0,0,0,1.2,1,1,0,138,1,1.1,0.9],[51,3,0,0,0,0,1,1,0,138,1,1.05,1.05]],"gen":[51,0,0,100,-100,1.05,100,1,100,0,0,0,0,0,0,0,0,0,0,0,0],"branch":[[1,2,0.00431,0.01204,3.5E-5,0,0,0,0,0,1,-360,360],[2,3,0.00601,0.01677,4.9E-5,0,0,0,0,0,1,-360,360],[3,4,0.00316,0.00882,2.6E-5,0,0,0,0,0,1,-360,360],[4,5,0.00896,0.02502,7.3E-5,0,0,0,0,0,1,-360,360],[5,6,0.00295,0.00824,2.4E-5,0,0,0,0,0,1,-360,360],[6,7,0.0172,0.0212,4.6E-5,0,0,0,0,0,1,-360,360],[7,8,0.0407,0.03053,5.1E-5,0,0,0,0,0,1,-360,360],[2,9,0.01706,0.02209,4.3E-5,0,0,0,0,0,1,-360,360],[1,20,0.0291,0.03768,7.4E-5,0,0,0,0,0,1,-360,360],[20,21,0.02222,0.02877,5.6E-5,0,0,0,0,0,1,-360,360],[21,22,0.04803,0.06218,0.000122,0,0,0,0,0,1,-360,360],[21,23,0.03985,0.0516,0.000101,0,0,0,0,0,1,-360,360],[23,24,0.0291,0.03768,7.4E-5,0,0,0,0,0,1,-360,360],[23,25,0.03727,0.04593,0.0001,0,0,0,0,0,1,-360,360],[25,26,0.01104,0.0136,0.000118,0,0,0,0,0,1,-360,360],[50,1,0.00312,0.06753,0,0,0,0,0,0,1,-360,360],[50,51,0.0005,0.00344,0,0,0,0,0,0,1,-360,360]],"gencost":[2,0,0,3,0,20,0]}