{"version":"2","baseMVA":1,"bus":[[1,3,0,0,0,0,1,1,0,11,1,1,1],[2,1,0.04,0.03,0,0,1,1,0,11,1,1.1,0.9],[3,1,0.06,0.04,0,0,1,1,0,11,1,1.1,0.9],[4,1,0.02,0.01,0,0,1,1,0,11,1,1.1,0.9],[5,1,0.08,0.06,0,0,1,1,0,11,1,1.1,0.9],[6,1,0.038,0.018,0,0,1,1,0,11,1,1.1,0.9],[7,1,0.02,0.015,0,0,1,1,0,11,1,1.1,0.9],[8,1,0.06,0.04,0,0,1,1,0,11,1,1.1,0.9],[9,1,0.07,0.045,0,0,1,1,0,11,1,1.1,0.9],[10,1,0.06,0.035,0,0,1,1,0,11,1,1.1,0.9],[11,1,0.08,0.05,0,0,1,1,0,11,1,1.1,0.9],[12,1,0.01,0.005,0,0,1,1,0,11,1,1.1,0.9],[13,1,0.025,0.015,0,0,1,1,0,11,1,1.1,0.9],[14,1,0.055,0.045,0,0,1,1,0,11,1,1.1,0.9],[15,1,0.12,0.08,0,0,1,1,0,11,1,1.1,0.9],[16,1,0.04,0.025,0,0,1,1,0,11,1,1.1,0.9],[17,1,0.035,0.025,0,0,1,1,0,11,1,1.1,0.9],[18,1,0.06,0.03,0,0,1,1,0,11,1,1.1,0.9],[19,1,0.08,0.05,0,0,1,1,0,11,1,1.1,0.9],[20,1,0.06,0.035,0,0,1,1,0,11,1,1.1,0.9],[21,1,0.05,0.03,0,0,1,1,0,11,1,1.1,0.9],[22,1,0.05,0.03,0,0,1,1,0,11,1,1.1,0.9],[23,1,0.08,0.06,0,0,1,1,0,11,1,1.1,0.9],[24,1,0.045,0.025,0,0,1,1,0,11,1,1.1,0.9],[25,1,0.038,0.018,0,0,1,1,0,11,1,1.1,0.9],[26,1,0.078,0.048,0,0,1,1,0,11,1,1.1,0.9],[27,1,0.016,0.008,0,0,1,1,0,11,1,1.1,0.9],[28,1,0.018,0.01,0,0,1,1,0,11,1,1.1,0.9],[29,1,0.04,0.03,0,0,1,1,0,11,1,1.1,0.9],[30,1,0.04,0.03,0,0,1,1,0,11,1,1.1,0.9],[31,1,0.02,0.015,0,0,1,1,0,11,1,1.1,0.9],[32,1,0.03,0.02,0,0,1,1,0,11,1,1.1,0.9],[33,1,0.036,0.026,0,0,1,1,0,11,1,1.1,0.9],[34,1,0.05,0.04,0,0,1,1,0,11,1,1.1,0.9],[35,1,0.027,0.018,0,0,1,1,0,11,1,1.1,0.9],[36,1,0.033,0.016,0,0,1,1,0,11,1,1.1,0.9],[37,1,0.042,0.022,0,0,1,1,0,11,1,1.1,0.9],[38,1,0.055,0.03,0,0,1,1,0,11,1,1.1,0.9],[39,1,0.044,0.026,0,0,1,1,0,11,1,1.1,0.9],[40,1,0.08,0.07,0,0,1,1,0,11,1,1.1,0.9],[41,1,0.06,0.03,0,0,1,1,0,11,1,1.1,0.9],[42,1,0.045,0.03,0,0,1,1,0,11,1,1.1,0.9],[43,1,0.048,0.028,0,0,1,1,0,11,1,1.1,0.9],[44,1,0.068,0.038,0,0,1,1,0,11,1,1.1,0.9],[45,1,0.077,0.023,0,0,1,1,0,11,1,1.1,0.9],[46,1,0.06,0.03,0,0,1,1,0,11,1,1.1,0.9],[47,1,0.04,0.02,0,0,1,1,0,11,1,1.1,0.9],[48,1,0.045,0.045,0,0,1,1,0,11,1,1.1,0.9],[49,1,0.07,0.05,0,0,1,1,0,11,1,1.1,0.9],[50,1,0.03,0.02,0,0,1,1,0,11,1,1.1,0.9],[51,1,0.035,0.03,0,0,1,1,0,11,1,1.1,0.9]],"gen":[1,0,0,10,-10,1,100,1,10,0,0,0,0,0,0,0,0,0,0,0,0],"branch":[[1,2,0.0022644628099173555,0.0029421487603305783,0,0,0,0,0,0,1,-360,360],[2,3,0.0011322314049586777,0.0014710743801652892,0,0,0,0,0,0,1,-360,360],[3,4,0.0027173553719008264,0.0035305785123966944,0,0,0,0,0,0,1,-360,360],[4,5,0.00090578512396694217,0.0011768595041322313,0,0,0,0,0,0,1,-360,360],[5,6,0.0044628099173553721,0.0036,0,0,0,0,0,0,1,-360,360],[6,7,0.0029752066115702478,0.0024,0,0,0,0,0,0,1,-360,360],[7,8,0.0029752066115702478,0.0024,0,0,0,0,0,0,1,-360,360],[8,9,0.0059504132231404955,0.0048,0,0,0,0,0,0,1,-360,360],[9,10,0.022578512396694218,0.0064396694214876029,0,0,0,0,0,0,1,-360,360],[10,11,0.016933884297520661,0.0048297520661157028,0,0,0,0,0,0,1,-360,360],[11,12,0.016933884297520661,0.0048297520661157028,0,0,0,0,0,0,1,-360,360],[12,13,0.007902479338842975,0.0022537190082644628,0,0,0,0,0,0,1,-360,360],[13,14,0.0090314049586776857,0.0025760330578512396,0,0,0,0,0,0,1,-360,360],[14,15,0.012418181818181818,0.0035421487603305782,0,0,0,0,0,0,1,-360,360],[15,16,0.024836363636363636,0.0070834710743801653,0,0,0,0,0,0,1,-360,360],[3,17,0.022578512396694218,0.0064396694214876029,0,0,0,0,0,0,1,-360,360],[17,18,0.0067735537190082643,0.0019322314049586777,0,0,0,0,0,0,1,-360,360],[18,19,0.011289256198347109,0.0032198347107438015,0,0,0,0,0,0,1,-360,360],[19,20,0.011289256198347109,0.0032198347107438015,0,0,0,0,0,0,1,-360,360],[20,21,0.016933884297520661,0.0048297520661157028,0,0,0,0,0,0,1,-360,360],[21,22,0.012418181818181818,0.0035421487603305782,0,0,0,0,0,0,1,-360,360],[4,23,0.013547107438016529,0.0038636363636363638,0,0,0,0,0,0,1,-360,360],[23,24,0.014676033057851239,0.0041859504132231405,0,0,0,0,0,0,1,-360,360],[24,25,0.0090314049586776857,0.0025760330578512396,0,0,0,0,0,0,1,-360,360],[25,26,0.0067735537190082643,0.0019322314049586777,0,0,0,0,0,0,1,-360,360],[26,27,0.0045157024793388428,0.001287603305785124,0,0,0,0,0,0,1,-360,360],[27,28,0.0090314049586776857,0.0025760330578512396,0,0,0,0,0,0,1,-360,360],[28,29,0.0022578512396694214,0.000643801652892562,0,0,0,0,0,0,1,-360,360],[6,30,0.0058016528925619835,0.0039454545454545454,0,0,0,0,0,0,1,-360,360],[30,31,0.0053553719008264467,0.0036413223140495869,0,0,0,0,0,0,1,-360,360],[31,32,0.0053553719008264467,0.0036413223140495869,0,0,0,0,0,0,1,-360,360],[32,33,0.0053553719008264467,0.0036413223140495869,0,0,0,0,0,0,1,-360,360],[33,34,0.0044628099173553721,0.003034710743801653,0,0,0,0,0,0,1,-360,360],[34,35,0.0026776859504132233,0.0018206611570247935,0,0,0,0,0,0,1,-360,360],[35,36,0.0032132231404958674,0.0021851239669421489,0,0,0,0,0,0,1,-360,360],[36,37,0.0035702479338842975,0.0024280991735537191,0,0,0,0,0,0,1,-360,360],[37,38,0.004909090909090909,0.0033380165289256195,0,0,0,0,0,0,1,-360,360],[38,39,0.0058016528925619835,0.0039454545454545454,0,0,0,0,0,0,1,-360,360],[7,40,0.01580495867768595,0.0045074380165289257,0,0,0,0,0,0,1,-360,360],[40,41,0.024836363636363636,0.0070834710743801653,0,0,0,0,0,0,1,-360,360],[41,42,0.020320661157024793,0.0057958677685950415,0,0,0,0,0,0,1,-360,360],[42,43,0.018062809917355371,0.0051520661157024791,0,0,0,0,0,0,1,-360,360],[43,44,0.018062809917355371,0.0051520661157024791,0,0,0,0,0,0,1,-360,360],[44,45,0.0056446280991735544,0.0016099173553719007,0,0,0,0,0,0,1,-360,360],[9,46,0.007902479338842975,0.0022537190082644628,0,0,0,0,0,0,1,-360,360],[46,47,0.00846694214876033,0.0024148760330578514,0,0,0,0,0,0,1,-360,360],[47,48,0.010160330578512396,0.0028975206611570252,0,0,0,0,0,0,1,-360,360],[48,49,0.014676033057851239,0.0041859504132231405,0,0,0,0,0,0,1,-360,360],[49,50,0.013547107438016529,0.0038636363636363638,0,0,0,0,0,0,1,-360,360],[50,51,0.011289256198347109,0.0032198347107438015,0,0,0,0,0,0,1,-360,360]],"gencost":[2,0,0,3,0,20,0]}