{"version":"2","baseMVA":10,"bus":[[1,3,0,0,0,0,1,1,0,23,1,1,1],[2,1,1.84,0.46,0,0,1,1,0,23,1,1.1,0.9],[3,1,0.98,0.34,0,0,1,1,0,23,1,1.1,0.9],[4,1,1.79,0.446,0,0,1,1,0,23,1,1.1,0.9],[5,1,1.598,1.84,0,0,1,1,0,23,1,1.1,0.9],[6,1,1.61,0.6,0,0,1,1,0,23,1,1.1,0.9],[7,1,0.78,0.11,0,0,1,1,0,23,1,1.1,0.9],[8,1,1.15,0.06,0,0,1,1,0,23,1,1.1,0.9],[9,1,0.98,0.13,0,0,1,1,0,23,1,1.1,0.9],[10,1,1.64,0.2,0,0,1,1,0,23,1,1.1,0.9]],"gen":[1,0,0,10,-10,1,100,1,10,0,0,0,0,0,0,0,0,0,0,0,0],"branch":[[1,2,0.0023308128544423444,0.0078015122873345936,0,0,0,0,0,0,1,-360,360],[2,3,0.00026465028355387527,0.011438563327032136,0,0,0,0,0,0,1,-360,360],[3,4,0.014107750472589792,0.022778827977315692,0,0,0,0,0,0,1,-360,360],[4,5,0.013202268431001892,0.011500945179584122,0,0,0,0,0,0,1,-360,360],[5,6,0.037487712665406431,0.032657844990548204,0,0,0,0,0,0,1,-360,360],[6,7,0.017113421550094519,0.014907372400756144,0,0,0,0,0,0,1,-360,360],[7,8,0.038850661625708889,0.022003780718336485,0,0,0,0,0,0,1,-360,360],[8,9,0.090648393194707,0.0513421550094518,0,0,0,0,0,0,1,-360,360],[9,10,0.10100945179584121,0.057209829867674866,0,0,0,0,0,0,1,-360,360]],"gencost":[2,0,0,3,0,20,0]}