{"version":"2","baseMVA":1,"bus":[[1,3,0,0,0,0,1,1,0,11,1,1,1],[2,1,0.01678,0.02091,0,0,1,1,0,11,1,1.1,0.9],[3,1,0.01678,0.02091,0,0,1,1,0,11,1,1.1,0.9],[4,1,0.0338,0.03732,0,0,1,1,0,11,1,1.1,0.9],[5,1,0.01456,0.01252,0,0,1,1,0,11,1,1.1,0.9],[6,1,0.010490000000000001,0.01421,0,0,1,1,0,11,1,1.1,0.9],[7,1,0.008820999999999999,0.01166,0,0,1,1,0,11,1,1.1,0.9],[8,1,0.01435,0.01859,0,0,1,1,0,11,1,1.1,0.9],[9,1,0.019309999999999997,0.02587,0,0,1,1,0,11,1,1.1,0.9],[10,1,0.01435,0.01859,0,0,1,1,0,11,1,1.1,0.9],[11,1,0.01627,0.01948,0,0,1,1,0,11,1,1.1,0.9],[12,1,0.01627,0.01948,0,0,1,1,0,11,1,1.1,0.9],[13,1,0.08213,0.07165,0,0,1,1,0,11,1,1.1,0.9],[14,1,0.03471,0.03012,0,0,1,1,0,11,1,1.1,0.9],[15,1,0.03471,0.03012,0,0,1,1,0,11,1,1.1,0.9],[16,1,0.08031,0.07012,0,0,1,1,0,11,1,1.1,0.9],[17,1,0.04962,0.04782,0,0,1,1,0,11,1,1.1,0.9],[18,1,0.04962,0.04782,0,0,1,1,0,11,1,1.1,0.9],[19,1,0.04377,0.03893,0,0,1,1,0,11,1,1.1,0.9],[20,1,0.03732,0.03596,0,0,1,1,0,11,1,1.1,0.9],[21,1,0.03732,0.03596,0,0,1,1,0,11,1,1.1,0.9],[22,1,0.03102,0.02936,0,0,1,1,0,11,1,1.1,0.9]],"gen":[1,0,0,10,-10,1,100,1,10,0,0,0,0,0,0,0,0,0,0,0,0],"branch":[[1,2,0.0030280991735537189,0.0014933884297520662,0,0,0,0,0,0,1,-360,360],[2,3,0.00045206611570247933,0.00023305785123966941,0,0,0,0,0,0,1,-360,360],[2,4,0.0044760330578512393,0.00230495867768595,0,0,0,0,0,0,1,-360,360],[4,5,0.0015950413223140495,0.00081818181818181827,0,0,0,0,0,0,1,-360,360],[4,9,0.006141322314049587,0.0031628099173553717,0,0,0,0,0,0,1,-360,360],[5,6,0.010834710743801653,0.0055801652892561986,0,0,0,0,0,0,1,-360,360],[6,7,0.00049421487603305782,0.00025454545454545456,0,0,0,0,0,0,1,-360,360],[6,8,0.0024008264462809918,0.0012363636363636364,0,0,0,0,0,0,1,-360,360],[9,10,0.00045206611570247933,0.00023305785123966941,0,0,0,0,0,0,1,-360,360],[9,11,0.0055785123966942156,0.0028768595041322315,0,0,0,0,0,0,1,-360,360],[11,12,0.00045206611570247933,0.00023305785123966941,0,0,0,0,0,0,1,-360,360],[11,13,0.0032578512396694214,0.0016776859504132233,0,0,0,0,0,0,1,-360,360],[13,14,0.0086446280991735545,0.004452892561983471,0,0,0,0,0,0,1,-360,360],[14,15,0.00018181818181818181,9.5867768595041313E-5,0,0,0,0,0,0,1,-360,360],[14,16,0.00045206611570247933,0.00023305785123966941,0,0,0,0,0,0,1,-360,360],[16,17,0.0026545454545454546,0.0013669421487603306,0,0,0,0,0,0,1,-360,360],[17,18,0.000784297520661157,0.000403305785123967,0,0,0,0,0,0,1,-360,360],[17,19,0.0047438016528925618,0.0024454545454545454,0,0,0,0,0,0,1,-360,360],[19,20,0.0010677685950413224,0.00054545454545454548,0,0,0,0,0,0,1,-360,360],[20,21,0.00071983471074380163,0.00037190082644628097,0,0,0,0,0,0,1,-360,360],[20,22,0.0044041322314049593,0.0022677685950413221,0,0,0,0,0,0,1,-360,360]],"gencost":[2,0,0,3,0,20,0]}