{"version":"2","baseMVA":1,"bus":[[1,3,0,0,0,0,1,1,0,11,1,1,1],[2,1,0.0441,0.044990999999999996,0,0,1,1,0,11,1,1.1,0.9],[3,1,0.07,0.0714143,0,0,1,1,0,11,1,1.1,0.9],[4,1,0.14,0.1428286,0,0,1,1,0,11,1,1.1,0.9],[5,1,0.0441,0.044990999999999996,0,0,1,1,0,11,1,1.1,0.9],[6,1,0.14,0.1428286,0,0,1,1,0,11,1,1.1,0.9],[7,1,0.14,0.1428286,0,0,1,1,0,11,1,1.1,0.9],[8,1,0.07,0.0714143,0,0,1,1,0,11,1,1.1,0.9],[9,1,0.07,0.0714143,0,0,1,1,0,11,1,1.1,0.9],[10,1,0.0441,0.044990999999999996,0,0,1,1,0,11,1,1.1,0.9],[11,1,0.14,0.1428286,0,0,1,1,0,11,1,1.1,0.9],[12,1,0.07,0.0714143,0,0,1,1,0,11,1,1.1,0.9],[13,1,0.0441,0.044990999999999996,0,0,1,1,0,11,1,1.1,0.9],[14,1,0.07,0.0714143,0,0,1,1,0,11,1,1.1,0.9],[15,1,0.14,0.1428286,0,0,1,1,0,11,1,1.1,0.9]],"gen":[1,0,0,10,-10,1,100,1,10,0,0,0,0,0,0,0,0,0,0,0,0],"branch":[[1,2,0.011182561983471074,0.010937933884297521,0,0,0,0,0,0,1,-360,360],[2,3,0.0096714049586776856,0.0094598347107438027,0,0,0,0,0,0,1,-360,360],[3,4,0.0069513223140495869,0.0067992561983471079,0,0,0,0,0,0,1,-360,360],[4,5,0.012590743801652891,0.0084925619834710746,0,0,0,0,0,0,1,-360,360],[2,9,0.016637768595041322,0.011222314049586778,0,0,0,0,0,0,1,-360,360],[9,10,0.013939752066115701,0.0094024793388429746,0,0,0,0,0,0,1,-360,360],[2,6,0.021134462809917355,0.014255371900826447,0,0,0,0,0,0,1,-360,360],[6,7,0.008993388429752067,0.006066115702479339,0,0,0,0,0,0,1,-360,360],[6,8,0.010342396694214877,0.006976033057851239,0,0,0,0,0,0,1,-360,360],[3,11,0.014839090909090909,0.01000909090909091,0,0,0,0,0,0,1,-360,360],[11,12,0.020235123966942149,0.013648760330578512,0,0,0,0,0,0,1,-360,360],[12,13,0.016637768595041322,0.011222314049586778,0,0,0,0,0,0,1,-360,360],[4,14,0.018436446280991736,0.012435537190082644,0,0,0,0,0,0,1,-360,360],[4,15,0.0098927272727272718,0.0066727272727272729,0,0,0,0,0,0,1,-360,360]],"gencost":[2,0,0,3,0,20,0]}